# {"t_start": 1558624500.1182334, "env_id": "HalfCheetah-v3"} 
r,l,t
-1295.906541,1000,3.646911
-9734.620647,1000,7.040291
-11896.78061,1000,9.977056
-11744.249627,1000,12.493263
-10931.739213,1000,15.128077
-11663.225783,1000,17.498456
-12522.38958,1000,20.034564
-14602.976338,1000,22.524084
-9935.035398,1000,25.001065
-582.141828,1000,27.401025
39.220405,1000,29.903726
-9725.350884,1000,32.455797
-11327.36636,1000,35.730641
-8646.281166,1000,38.291564
-11608.466443,1000,40.757776
-4698.442433,1000,43.104642
-1025.146083,1000,45.648547
-1655.01666,1000,48.006511
-12377.83852,1000,50.41286
-13935.356658,1000,52.851068
-8938.123179,1000,55.330239
-7531.838311,1000,57.687507
-12661.932033,1000,60.065442
-1369.386397,1000,62.447384
-11527.187224,1000,64.951792
-1713.110954,1000,67.40998
-11213.931477,1000,69.921043
-12129.126518,1000,72.158871
-4107.330202,1000,74.640496
-5309.337907,1000,77.069573
-1768.371873,1000,79.791285
-10844.900369,1000,82.226455
-2965.774972,1000,84.786188
-1089.468199,1000,87.091061
-2354.079424,1000,89.570186
-2404.47411,1000,91.941717
-8933.183173,1000,94.448391
-12670.842544,1000,96.820534
-15136.037811,1000,99.374616
-3787.448886,1000,101.608138
-10815.629294,1000,104.201562
-13934.532705,1000,106.652214
-11437.507986,1000,109.236476
-164.973485,1000,111.419017
-909.190016,1000,113.867936
-9327.021315,1000,116.182128
-9386.659224,1000,118.675103
-2970.255496,1000,120.981276
-10904.215976,1000,123.360371
-13279.977295,1000,125.719647
-13257.155053,1000,128.289402
-7198.143547,1000,130.626185
-12273.520811,1000,133.208904
-10783.461822,1000,135.45592
487.999121,1000,137.933222
-11349.707045,1000,140.314538
-4789.932142,1000,142.90823
-10407.080154,1000,145.391659
776.242513,1000,147.816229
357.529733,1000,150.090058
-12081.170619,1000,152.582689
-12826.377326,1000,154.964086
-5768.901904,1000,157.400172
-9874.547318,1000,159.806929
-1409.894176,1000,162.38716
-4176.095925,1000,164.64705
-9305.508041,1000,167.047697
-11746.522476,1000,169.412112
-11192.51538,1000,171.96916
-10641.878745,1000,174.324143
-8504.842424,1000,176.780123
-12778.627097,1000,179.105896
-11835.807386,1000,181.689518
-6846.447333,1000,184.13459
-10027.40979,1000,186.579859
-604.091436,1000,188.996278
-11081.038807,1000,191.538835
-12775.40596,1000,193.835107
-8815.15265,1000,196.322131
-9992.025305,1000,198.571214
-949.601179,1000,201.010924
-10264.14592,1000,203.463593
-1933.257507,1000,206.084491
-12063.599874,1000,208.413434
-12950.257494,1000,211.083241
-11802.306126,1000,213.522629
-789.079412,1000,216.06581
1182.59726,1000,218.314155
-1675.90409,1000,220.889283
-12571.021,1000,223.252595
-10882.867999,1000,225.743814
-6434.63196,1000,228.050668
1318.405141,1000,230.565188
-10894.462573,1000,233.011213
-7193.669746,1000,235.67083
-1449.285989,1000,238.021132
1285.526163,1000,240.733399
-9769.20045,1000,243.068588
-12307.712858,1000,245.728051
-7823.997769,1000,248.129462
-4911.914751,1000,250.733449
-12408.190225,1000,253.163987
-1940.576715,1000,255.777572
-11123.743856,1000,258.237474
-8460.743043,1000,260.846357
-829.307783,1000,263.155406
-10310.468849,1000,265.617664
-9833.555811,1000,268.023302
-12419.809522,1000,270.443923
-10041.86775,1000,272.833394
-1224.381493,1000,275.499782
-470.265564,1000,277.792937
-1881.711769,1000,280.4146
-80.30623,1000,282.745048
-10288.199019,1000,285.34268
-1547.429384,1000,287.797179
-2669.948275,1000,290.491381
-4548.542991,1000,292.887121
2329.458488,1000,295.574273
-4007.586722,1000,297.929461
-572.96034,1000,300.473956
-11374.53196,1000,302.874575
-9208.220671,1000,305.378022
-10679.622126,1000,307.842403
18.245909,1000,310.563344
-2280.408413,1000,312.983683
-13109.099775,1000,315.648503
-11613.578408,1000,317.986147
-11173.476912,1000,320.624673
-221.952403,1000,323.100498
1268.047938,1000,325.767461
-11919.555583,1000,328.193641
1563.779046,1000,330.784497
-11982.30612,1000,333.113366
-11545.070651,1000,335.844742
-11319.176118,1000,338.074196
-10263.864309,1000,340.685339
-12665.125939,1000,343.084369
499.000881,1000,345.814376
1096.397481,1000,347.977271
-88.792418,1000,350.668405
587.435203,1000,353.021358
-2278.080644,1000,355.613969
-11879.745908,1000,357.882513
-1553.44835,1000,360.592229
-10494.067504,1000,362.90993
-6042.667055,1000,365.533893
794.0276,1000,367.839051
-11834.681467,1000,370.447975
-14345.189143,1000,372.62679
-8241.870283,1000,375.420961
-12768.795435,1000,377.553573
-2625.756202,1000,380.22238
150.961384,1000,382.370198
164.404161,1000,385.186589
-375.366974,1000,387.551541
-11354.184292,1000,390.294138
-602.569281,1000,392.557572
-3652.101511,1000,395.345448
-11068.533697,1000,397.740144
-8016.839924,1000,400.349567
-5004.914092,1000,402.909419
-2116.365337,1000,405.607457
642.725336,1000,407.760547
-9215.887345,1000,410.596141
-10579.403837,1000,412.900532
213.244381,1000,415.626202
508.393275,1000,417.973062
-12296.722941,1000,420.706956
-4011.529963,1000,423.013253
-12411.018415,1000,425.874465
-1464.627704,1000,428.249602
-9971.967741,1000,431.037112
-7516.611103,1000,433.366305
-246.912944,1000,436.169787
-5117.670782,1000,438.505067
-418.552039,1000,441.272209
-10257.833201,1000,443.610104
-10010.318494,1000,446.284175
655.564401,1000,448.717064
-9644.284638,1000,451.472986
-7568.66816,1000,453.870981
-9976.503241,1000,456.507973
547.859156,1000,458.830571
-6317.315142,1000,461.534173
-2189.65693,1000,463.931946
-10623.347365,1000,466.767022
-13551.802767,1000,469.121432
-12167.324897,1000,471.945291
-8950.831226,1000,474.343399
-3907.670389,1000,477.10654
-10705.126202,1000,479.459836
-5833.182731,1000,482.371489
-7652.47729,1000,484.719721
708.463002,1000,487.391861
-8279.685474,1000,489.638601
-11723.695348,1000,492.377242
-9343.747173,1000,494.644159
-320.335516,1000,497.282839
-7867.365081,1000,499.58754
-2667.425113,1000,502.391349
745.255246,1000,504.659502
-8632.431746,1000,507.386192
712.891286,1000,509.766037
77.89064,1000,512.604905
-99.299211,1000,515.002377
-122.263031,1000,517.867023
-1004.731163,1000,520.213235
668.297313,1000,522.873525
-11710.4022,1000,525.254633
565.967976,1000,528.003688
-2929.961024,1000,530.285476
-8160.841682,1000,533.170631
-134.849057,1000,535.629817
-1251.423012,1000,538.505152
-13616.84932,1000,540.904434
-8241.321107,1000,543.786007
-10899.683612,1000,546.206681
-10872.167642,1000,549.055295
-12883.118218,1000,551.415398
-10686.68067,1000,554.330194
-9461.379954,1000,556.570151
-2349.194293,1000,559.271976
1209.829805,1000,561.661581
-515.327689,1000,564.598912
-11412.421842,1000,566.826788
-8520.915003,1000,569.707671
-1019.686122,1000,571.833954
586.148092,1000,574.681504
-645.498348,1000,577.079309
183.048126,1000,580.08265
-5782.754543,1000,582.393112
-11379.986211,1000,585.039693
-9887.366918,1000,587.279285
-8712.78393,1000,590.172671
-6465.640594,1000,592.4972
-1600.475442,1000,595.246624
-3717.21295,1000,597.651434
337.159918,1000,600.415207
59.540429,1000,602.639823
-4323.718647,1000,605.597433
-6931.193084,1000,608.010835
527.514488,1000,610.805195
-4400.756893,1000,613.068633
-2104.733179,1000,615.98524
-10645.652313,1000,618.402583
1792.367559,1000,621.260171
1409.553255,1000,623.755718
-5332.141691,1000,626.530383
-8254.271799,1000,628.850221
-3178.231489,1000,631.679795
-10251.877364,1000,633.999816
-2113.724156,1000,636.861887
-2635.617388,1000,639.197333
-10113.424698,1000,642.205011
-486.697733,1000,644.574899
-1030.641283,1000,647.606677
-8937.583311,1000,650.049429
386.774393,1000,653.049567
-2956.046605,1000,655.439443
-3466.166925,1000,658.286796
-3150.780765,1000,660.654077
-535.213115,1000,663.4842
-12609.541315,1000,665.79361
1043.368963,1000,668.668141
-2404.842036,1000,671.108116
-9707.131935,1000,673.994687
1114.546686,1000,676.350919
382.602499,1000,679.337078
-571.095611,1000,681.69027
-9025.754502,1000,684.658328
-2250.920656,1000,686.916
694.961784,1000,689.632031
1512.084751,1000,691.909615
869.418233,1000,694.827218
-456.306596,1000,697.145703
-1355.7315,1000,700.237793
-316.908856,1000,702.626072
493.196546,1000,705.443849
-12322.146098,1000,707.725294
-241.714825,1000,710.673346
-4721.142923,1000,712.855744
1116.828923,1000,715.7267
-5630.646306,1000,718.226823
-12586.612209,1000,721.132329
-11481.067449,1000,723.47811
778.04337,1000,726.220285
800.283585,1000,728.732306
-9723.078095,1000,731.724235
-2297.059487,1000,734.077772
-1014.047871,1000,737.083755
-4941.208725,1000,739.592524
715.912702,1000,742.597227
-403.055891,1000,744.960203
-10917.934977,1000,747.990194
-10457.736299,1000,750.312649
-2941.791857,1000,753.138928
-1377.849882,1000,755.561134
540.727482,1000,758.534297
-1588.918168,1000,760.823628
-506.86248,1000,763.634547
-2718.387751,1000,765.924208
-1139.972822,1000,769.02635
-1232.352488,1000,771.322484
900.461267,1000,774.315505
-7986.395518,1000,776.607719
-11955.554764,1000,779.496924
-4232.600501,1000,781.639353
178.107122,1000,784.677552
-12505.463231,1000,787.103938
-1638.622814,1000,789.966692
-1297.539636,1000,792.188501
-205.425346,1000,795.190979
-5359.63491,1000,797.347961
381.290323,1000,800.302762
-6636.037051,1000,802.656907
-5328.444322,1000,805.688955
-7560.505368,1000,807.811166
-1319.620003,1000,810.939267
-267.745962,1000,813.333634
254.257839,1000,816.358062
-5207.827115,1000,818.659494
-8162.284236,1000,821.500703
-399.784546,1000,823.771943
-8071.776228,1000,826.777183
-6493.193115,1000,829.131057
-644.702707,1000,832.115964
578.372015,1000,834.304743
-1140.994804,1000,837.461518
471.610327,1000,839.935288
2523.169498,1000,843.005561
608.03891,1000,845.172681
-9524.812943,1000,848.304154
-229.433796,1000,850.577968
-2168.137733,1000,853.714172
-395.107736,1000,856.141191
1842.653516,1000,859.265358
-2256.393249,1000,861.532106
1087.600592,1000,864.531025
-2899.866693,1000,866.731242
-1476.585728,1000,869.682305
-5432.115896,1000,872.009912
-5539.406236,1000,875.044695
-253.759546,1000,877.447595
174.645408,1000,880.47331
-1562.342054,1000,882.736459
-6933.398004,1000,885.652164
1161.424043,1000,887.980145
540.073851,1000,891.181187
99.804979,1000,893.53505
-3413.006048,1000,896.587205
-6592.735531,1000,898.987933
721.305466,1000,901.972849
740.551679,1000,904.309651
480.181104,1000,907.409086
-733.069552,1000,909.55987
-1688.747744,1000,912.617844
-5667.886459,1000,915.012621
245.800084,1000,917.921723
-2134.682582,1000,920.346092
-2247.47006,1000,923.476657
-3581.996074,1000,925.757057
1728.739354,1000,928.906638
952.05505,1000,931.207125
-109.082616,1000,934.396707
-931.081101,1000,936.663242
1188.082071,1000,939.713777
1239.896672,1000,941.989239
1131.991841,1000,945.049709
-2305.920798,1000,947.382199
1323.603103,1000,950.669638
1744.290352,1000,953.090605
-7469.961888,1000,956.292643
203.168528,1000,958.562691
-1513.473769,1000,961.639976
-7271.048387,1000,963.955796
1177.96166,1000,967.203303
-509.523454,1000,969.716265
-20.572746,1000,972.867726
207.042275,1000,975.195797
-471.489564,1000,978.188109
253.156102,1000,980.384422
-1922.739261,1000,983.639021
1323.579426,1000,985.96415
960.743104,1000,989.091206
-1075.725823,1000,991.457669
-3038.639808,1000,994.525533
937.739721,1000,996.797884
405.772387,1000,999.971531
-300.050905,1000,1002.133368
-3147.471307,1000,1005.223466
785.16154,1000,1007.470594
183.042917,1000,1010.68559
-842.582521,1000,1012.961341
1281.842321,1000,1016.264007
1027.656397,1000,1018.773323
925.421462,1000,1021.795154
955.778696,1000,1024.079267
-1883.326837,1000,1027.327469
-2234.290796,1000,1029.517404
-74.416099,1000,1032.82564
-486.860244,1000,1035.167369
1558.791584,1000,1038.217633
-950.327948,1000,1040.485663
-2026.953877,1000,1043.702435
748.747602,1000,1046.075286
-533.964099,1000,1049.079317
950.834082,1000,1051.451574
324.005072,1000,1054.606513
-1162.203684,1000,1056.842565
101.721512,1000,1060.10468
146.470054,1000,1062.289934
121.207135,1000,1065.462257
-2055.622124,1000,1067.588225
620.289422,1000,1070.687547
-3605.791703,1000,1073.013693
-3754.787027,1000,1076.348359
1969.405354,1000,1078.724657
-2060.785636,1000,1081.833293
-2137.304937,1000,1084.070793
1176.161052,1000,1087.332305
-9781.536355,1000,1089.450786
122.267456,1000,1092.62263
-346.213112,1000,1094.982118
-585.436361,1000,1098.242852
-7939.279917,1000,1100.383809
944.232852,1000,1103.667961
-1234.394564,1000,1105.994341
2012.169439,1000,1109.30944
2373.583879,1000,1111.598486
-1246.894205,1000,1114.830162
1075.159687,1000,1116.993354
121.527271,1000,1120.101274
138.992908,1000,1122.403268
-179.142465,1000,1125.697997
-1866.015608,1000,1128.020811
1732.256767,1000,1131.351135
1773.564725,1000,1133.612604
-1475.963441,1000,1136.657155
-3740.487112,1000,1138.775578
716.507853,1000,1142.107853
304.298555,1000,1144.311377
-759.995179,1000,1147.63651
785.640889,1000,1149.94141
726.094841,1000,1153.131844
-36.734216,1000,1155.272146
146.104265,1000,1158.607194
470.380136,1000,1160.865522
246.824229,1000,1164.038269
-220.06149,1000,1166.49207
-8550.541635,1000,1169.876246
-238.975543,1000,1172.14144
6.706228,1000,1175.389568
572.518461,1000,1177.720491
-6922.101279,1000,1180.976082
-679.620561,1000,1183.113191
834.193368,1000,1186.315768
1049.000811,1000,1188.781254
-64.127716,1000,1192.123619
-3435.523222,1000,1194.315478
919.818035,1000,1197.654845
1100.31574,1000,1199.930139
840.680602,1000,1203.229328
608.999052,1000,1205.639373
-920.546456,1000,1209.114311
1399.947047,1000,1211.55522
519.805915,1000,1214.901096
1122.555845,1000,1217.285301
-183.062845,1000,1220.541946
1611.8816,1000,1222.940297
1550.353094,1000,1226.259141
1545.898596,1000,1228.503083
-1231.271335,1000,1231.925639
-669.123343,1000,1234.276198
1757.716934,1000,1237.542387
1162.545757,1000,1239.874094
676.54678,1000,1243.077499
-4080.666038,1000,1245.406573
1239.744042,1000,1248.694032
1192.005441,1000,1250.938129
-2165.680647,1000,1254.245907
1787.767253,1000,1256.585884
1248.160952,1000,1259.733986
1598.665862,1000,1261.97372
846.207828,1000,1265.359959
813.373356,1000,1267.845708
1019.609983,1000,1271.288159
1379.895002,1000,1273.733103
1078.89064,1000,1276.93175
-505.709664,1000,1279.215505
975.229863,1000,1282.573572
1224.398349,1000,1285.064584
1350.704227,1000,1288.352177
1541.921978,1000,1290.801118
435.222629,1000,1293.962838
1256.966066,1000,1296.431561
574.374996,1000,1299.816043
1102.729193,1000,1302.157112
65.233677,1000,1305.61546
997.880979,1000,1308.101185
630.128672,1000,1311.496169
915.967377,1000,1313.846379
1318.565773,1000,1317.185285
1488.804413,1000,1319.668573
1537.351425,1000,1323.178105
1617.867449,1000,1325.38718
1546.859481,1000,1328.674623
568.412243,1000,1331.01364
1347.010181,1000,1334.492798
99.43796,1000,1337.008076
993.742507,1000,1340.46847
-277.28619,1000,1342.827128
1058.3127,1000,1346.1283
845.769927,1000,1348.361199
1616.680706,1000,1351.639013
269.527589,1000,1354.007432
-474.908962,1000,1357.333902
-550.451658,1000,1359.593867
570.728024,1000,1362.973378
684.203793,1000,1365.217311
531.690542,1000,1368.539939
740.608494,1000,1370.861521
862.939771,1000,1374.324425
1349.921154,1000,1376.827452
952.349091,1000,1380.230792
-1089.319929,1000,1382.518454
1058.637545,1000,1385.948334
691.104766,1000,1388.375075
1526.903792,1000,1391.897289
648.534269,1000,1394.207167
1672.94359,1000,1397.513736
409.33993,1000,1399.780899
1205.848356,1000,1403.183766
1106.946135,1000,1405.456236
-329.789956,1000,1408.929161
1128.578804,1000,1411.272302
-2066.329569,1000,1414.745028
1526.008763,1000,1417.130119
-1148.372535,1000,1420.630645
620.610217,1000,1422.947443
1701.840668,1000,1426.291448
2181.800592,1000,1428.457949
231.360564,1000,1431.931589
1322.278367,1000,1434.305005
-3721.72385,1000,1437.749764
1966.819375,1000,1440.054446
2174.830283,1000,1443.465161
810.190361,1000,1445.709482
971.865987,1000,1449.063686
1137.947489,1000,1451.29947
2090.812712,1000,1454.781942
475.336653,1000,1457.186009
1088.982277,1000,1460.769652
569.98263,1000,1463.290588
1185.933146,1000,1466.683653
1074.114428,1000,1468.911955
1873.923401,1000,1472.256714
25.845572,1000,1474.694579
1940.926307,1000,1477.990721
2199.433574,1000,1480.262121
1317.071872,1000,1483.721057
1677.308631,1000,1486.153796
973.476778,1000,1489.674448
-229.717163,1000,1491.865349
1347.709117,1000,1495.470701
1171.55397,1000,1497.81353
899.032322,1000,1501.187825
1046.296813,1000,1503.380662
984.000394,1000,1507.007079
1293.295274,1000,1509.465708
1401.675566,1000,1513.036707
2002.545354,1000,1515.396189
1144.703961,1000,1519.01415
1164.760422,1000,1521.364366
768.303215,1000,1524.829675
1526.807157,1000,1527.101208
953.705194,1000,1530.71885
1790.024341,1000,1533.153427
-1568.049498,1000,1536.573351
1869.877429,1000,1538.918373
1950.672755,1000,1542.468984
516.934645,1000,1544.78414
1822.868981,1000,1548.433695
1773.061084,1000,1550.56418
1294.442354,1000,1554.174726
-2.835858,1000,1556.454191
1642.944529,1000,1559.928351
1245.804605,1000,1562.277339
1559.630658,1000,1565.88045
1533.573783,1000,1568.234437
1953.479702,1000,1571.728658
1267.456279,1000,1573.988193
2241.305299,1000,1577.559717
1617.091579,1000,1580.037525
1176.061632,1000,1583.763555
-313.749091,1000,1586.218082
2618.621703,1000,1589.773169
2042.054052,1000,1592.012954
391.784842,1000,1595.640645
1466.662442,1000,1598.146576
1715.540805,1000,1601.76271
777.407283,1000,1604.255309
906.902661,1000,1607.752423
-314.091968,1000,1609.956388
1402.127749,1000,1613.700442
420.143354,1000,1616.062361
791.559114,1000,1619.625192
1475.106273,1000,1622.0785
888.249683,1000,1625.705509
2009.048939,1000,1627.990231
1114.954303,1000,1631.614678
576.327679,1000,1634.058386
1360.706254,1000,1637.639233
877.647197,1000,1639.913276
1736.576868,1000,1643.389523
908.602333,1000,1645.685026
2189.779976,1000,1649.190001
885.04985,1000,1651.308444
1486.919879,1000,1654.913248
1811.984093,1000,1657.295478
1398.428843,1000,1660.85466
1318.361478,1000,1663.140101
1342.840443,1000,1666.859219
2363.318228,1000,1669.333221
1328.14709,1000,1672.944143
1990.776606,1000,1675.243764
1783.337346,1000,1678.909939
1289.243426,1000,1681.1777
1652.535447,1000,1684.78837
1153.312225,1000,1686.905126
397.852295,1000,1690.576234
1912.391892,1000,1693.006295
1612.698802,1000,1696.559873
716.721097,1000,1698.953023
-283.954407,1000,1702.519915
1704.173243,1000,1704.860746
1524.420166,1000,1708.470203
1751.028256,1000,1710.743304
1447.906739,1000,1714.473646
992.84451,1000,1716.82401
458.284871,1000,1720.515809
1585.79981,1000,1722.847009
1586.010395,1000,1726.470632
2623.300884,1000,1728.869725
1454.967889,1000,1732.384366
1697.059012,1000,1734.524472
2187.426864,1000,1738.231331
1166.938413,1000,1740.670538
1412.207958,1000,1744.419002
1593.703368,1000,1746.687531
1921.530975,1000,1750.388952
158.741573,1000,1752.861168
-492.43926,1000,1756.713448
1125.45351,1000,1759.213643
1177.222362,1000,1763.021571
737.135927,1000,1765.470608
915.009458,1000,1768.998391
1452.937428,1000,1771.137013
1552.676887,1000,1774.797048
1298.972113,1000,1777.182721
1146.239966,1000,1780.93589
1702.477583,1000,1783.330755
1601.111054,1000,1786.995614
1041.574908,1000,1789.345596
631.332625,1000,1793.104201
1365.47706,1000,1795.460206
1286.816507,1000,1799.167671
2310.342765,1000,1801.427233
664.668301,1000,1804.994366
1531.269764,1000,1807.221224
1283.948237,1000,1810.867317
2349.183212,1000,1813.295072
1542.288772,1000,1817.054178
2111.922653,1000,1819.524476
2287.138034,1000,1823.34747
1967.749927,1000,1825.741103
1718.197982,1000,1829.501712
1554.77495,1000,1831.798797
1614.054088,1000,1835.581056
1432.452856,1000,1837.852096
1552.277077,1000,1841.55889
1607.462822,1000,1844.034667
1780.861346,1000,1847.807727
1649.201493,1000,1850.060304
1657.682802,1000,1853.828692
1253.445053,1000,1856.02389
1756.020797,1000,1859.666245
2658.707351,1000,1862.047616
2067.630185,1000,1865.805731
1556.40995,1000,1868.09719
1950.328181,1000,1871.881401
1102.198169,1000,1874.214907
2048.761285,1000,1877.958385
2793.347022,1000,1880.394431
1316.500733,1000,1884.056242
1438.793898,1000,1886.308115
1008.761024,1000,1890.006606
1516.08308,1000,1892.400429
2059.206808,1000,1896.022244
1615.685222,1000,1898.377587
993.681757,1000,1902.276445
1792.717866,1000,1904.507987
2574.794956,1000,1908.304964
1589.163213,1000,1910.713307
1181.274552,1000,1914.6487
1780.28695,1000,1916.93158
1418.6413,1000,1920.793463
1440.332253,1000,1922.976625
1457.478918,1000,1926.858535
2171.847449,1000,1929.32309
1994.622052,1000,1933.017613
1668.643203,1000,1935.501138
1912.152249,1000,1939.281546
1539.211876,1000,1941.641596
1484.806847,1000,1945.548142
2308.372811,1000,1948.02055
1754.6465,1000,1951.744777
1873.925343,1000,1954.076026
806.786854,1000,1957.98293
1564.685444,1000,1960.313518
1376.336583,1000,1964.073792
1954.897029,1000,1966.232851
1895.400566,1000,1969.979791
2641.589461,1000,1972.227544
1051.659198,1000,1975.948101
1955.632392,1000,1978.164259
2224.957826,1000,1981.938836
1737.518383,1000,1984.457362
1722.319823,1000,1988.093536
2134.402828,1000,1990.48986
728.654528,1000,1994.198838
1622.107919,1000,1996.655164
2255.549367,1000,2000.46725
2174.004584,1000,2002.890125
1600.313966,1000,2006.766141
1190.276562,1000,2009.131427
1762.869153,1000,2013.052807
2375.039055,1000,2015.370692
1995.404123,1000,2019.337483
1359.433011,1000,2021.808159
921.124274,1000,2025.531695
1196.657777,1000,2027.820969
1909.223749,1000,2031.74765
1419.411337,1000,2034.122443
3054.708009,1000,2037.860913
1969.810807,1000,2040.199573
2327.24943,1000,2044.011581
314.199035,1000,2046.488269
1696.392906,1000,2050.422129
1323.56796,1000,2052.804795
1422.089944,1000,2056.669596
1446.215093,1000,2059.027736
1293.874673,1000,2062.831146
1004.186271,1000,2065.148181
1508.71337,1000,2069.141098
2162.943678,1000,2071.442558
2058.11865,1000,2075.439613
2360.997517,1000,2077.673193
866.355473,1000,2081.607909
1610.050872,1000,2083.818167
1309.372757,1000,2087.627811
2364.535702,1000,2090.044788
1576.215832,1000,2094.05717
2160.238936,1000,2096.457455
1826.518003,1000,2100.296724
2238.526453,1000,2102.620361
1143.83668,1000,2106.591948
2054.942171,1000,2108.980304
779.049135,1000,2112.785931
1175.585756,1000,2115.090399
1075.60521,1000,2118.912951
1628.88594,1000,2121.407616
2001.304132,1000,2125.414532
1270.711229,1000,2127.919053
1137.210453,1000,2131.828527
880.617315,1000,2134.100234
1631.71027,1000,2137.907471
2406.815097,1000,2140.085555
1404.844872,1000,2144.048674
1634.731212,1000,2146.353411
1128.77962,1000,2150.30339
1601.320204,1000,2152.755133
1129.857229,1000,2156.694968
1476.205914,1000,2159.142761
1472.152689,1000,2163.013451
2049.181518,1000,2165.298499
2628.845721,1000,2169.190299
2032.860231,1000,2171.47558
1413.740402,1000,2175.240196
824.381862,1000,2177.455771
1839.731496,1000,2181.327157
2166.751809,1000,2183.731598
87.90009,1000,2187.701226
2191.083084,1000,2190.029723
2299.587964,1000,2193.953259
1329.359429,1000,2196.132176
2108.426539,1000,2199.981233
1567.387852,1000,2202.372185
1370.287401,1000,2206.209546
1976.199332,1000,2208.696449
2407.611482,1000,2212.689398
1668.669178,1000,2214.975603
1511.772088,1000,2218.791652
1730.706373,1000,2221.106557
1934.070553,1000,2224.970327
1859.793748,1000,2227.17783
1439.24488,1000,2231.047174
2221.177321,1000,2233.452531
2262.063814,1000,2237.409294
1586.149896,1000,2239.913991
1945.721086,1000,2243.841822
1754.072229,1000,2246.270158
2125.409236,1000,2250.229897
1748.699428,1000,2252.529915
1902.189146,1000,2256.404308
1283.873682,1000,2258.672823
1135.282736,1000,2262.708853
2299.859411,1000,2265.075042
1888.231717,1000,2268.943984
1632.757321,1000,2271.067575
1860.033814,1000,2275.058651
1854.310534,1000,2277.544002
2389.198433,1000,2281.479918
2522.093903,1000,2283.783442
2041.560196,1000,2287.767235
1636.655394,1000,2290.20542
1697.830605,1000,2294.293548
1283.59122,1000,2296.523427
1545.375878,1000,2300.665709
1393.536699,1000,2302.903435
2402.885437,1000,2306.834499
2021.238311,1000,2308.961645
1580.595296,1000,2312.878755
1553.91533,1000,2315.057959
1603.735882,1000,2319.115559
285.484791,1000,2321.476941
1326.547542,1000,2325.467467
2003.500783,1000,2327.785952
1868.291692,1000,2331.750973
765.062371,1000,2333.905589
767.833778,1000,2337.979747
2081.363991,1000,2340.317365
2309.766281,1000,2344.338897
1151.577296,1000,2346.818197
803.0177,1000,2350.99773
1485.158624,1000,2353.395188
1538.856559,1000,2357.323634
1329.551342,1000,2359.537175
1013.422878,1000,2363.48199
1793.59678,1000,2365.712483
2043.095713,1000,2369.67984
1229.969386,1000,2372.043209
1789.666928,1000,2376.035727
1277.177007,1000,2378.465484
1845.322792,1000,2382.371299
806.82523,1000,2384.775388
2006.648298,1000,2388.796159
2099.928497,1000,2391.160202
1376.715527,1000,2395.357556
2364.215949,1000,2397.619661
1351.685587,1000,2401.656607
1641.979831,1000,2403.940558
2414.072932,1000,2408.179021
2305.852579,1000,2410.65992
2032.928971,1000,2414.620512
1318.821779,1000,2416.849019
1193.859519,1000,2421.055359
1186.342428,1000,2423.326789
1978.15825,1000,2427.438943
1308.102607,1000,2429.797287
1820.301464,1000,2433.862761
1911.084618,1000,2436.179567
1955.574816,1000,2440.241128
1016.297793,1000,2442.629698
2544.349853,1000,2446.770409
2281.657113,1000,2449.00358
1862.329279,1000,2453.101572
2228.48243,1000,2455.562907
2065.248631,1000,2459.654341
2302.691548,1000,2462.1373
1026.41338,1000,2466.356466
921.52343,1000,2468.679336
1651.461691,1000,2472.851089
1810.623246,1000,2475.047079
1880.912204,1000,2479.00517
1063.799184,1000,2481.213537
1084.803282,1000,2485.431769
1589.823464,1000,2487.9072
792.715677,1000,2492.098466
2100.123388,1000,2494.533139
2002.578154,1000,2498.679247
2000.198059,1000,2501.108241
1322.450629,1000,2505.374521
1577.685124,1000,2507.787199
2029.923523,1000,2511.934214
1640.906813,1000,2514.309541
1049.755137,1000,2518.350529
1003.451707,1000,2520.699299
2522.174836,1000,2524.952719
1968.039972,1000,2527.42561
1725.937556,1000,2531.536974
1692.922054,1000,2533.764696
1928.180034,1000,2537.977787
1928.365171,1000,2540.384513
1588.215975,1000,2544.556315
2479.437783,1000,2547.025351
1627.969003,1000,2551.063535
948.031877,1000,2553.4811
1968.781322,1000,2557.720008
1413.592322,1000,2559.859774
1397.674745,1000,2564.031021
1623.727805,1000,2566.439274
2560.285844,1000,2570.593465
1837.309525,1000,2572.81947
1308.460161,1000,2577.11323
978.560272,1000,2579.556791
1721.528602,1000,2583.73856
2520.498511,1000,2586.047878
2268.966302,1000,2590.194929
2123.769634,1000,2592.595581
2118.651326,1000,2596.685203
1076.914003,1000,2599.001805
2233.059467,1000,2603.223406
1557.449381,1000,2605.364596
855.379458,1000,2609.700184
2495.831145,1000,2612.167455
1876.40914,1000,2616.367131
1987.086132,1000,2618.690487
902.552523,1000,2623.028579
729.280799,1000,2625.397002
1848.713548,1000,2629.554638
1899.282627,1000,2631.961395
1684.156083,1000,2636.23369
2371.558058,1000,2638.724312
1804.540468,1000,2642.925525
2135.677565,1000,2645.09047
2432.812455,1000,2649.339756
1798.868028,1000,2651.662065
2126.54336,1000,2655.717456
2312.24659,1000,2657.956334
1456.216693,1000,2662.074856
2505.731254,1000,2664.439359
2540.896646,1000,2668.620551
1725.029881,1000,2670.892586
2117.488213,1000,2675.083544
1248.823738,1000,2677.338967
1498.402492,1000,2681.379635
1744.143071,1000,2683.572245
1992.952936,1000,2687.769812
1720.622669,1000,2690.105662
1071.734697,1000,2694.445911
1409.473921,1000,2696.58805
1643.861457,1000,2700.833726
358.499272,1000,2703.265
1679.073137,1000,2707.437874
1706.346866,1000,2709.699857
2885.495338,1000,2714.020688
1466.724082,1000,2716.32532
2267.252237,1000,2720.609138
1750.318635,1000,2722.862521
1397.218498,1000,2727.265003
2096.92449,1000,2729.745185
1850.52365,1000,2734.001685
2339.23942,1000,2736.495382
1488.065483,1000,2740.761577
864.623555,1000,2743.095499
1458.377094,1000,2747.286295
1337.184875,1000,2749.566204
2201.747889,1000,2754.01522
1195.025923,1000,2756.317616
865.149461,1000,2760.540432
2063.187379,1000,2762.909466
1791.730197,1000,2767.089649
1868.233111,1000,2769.571971
1640.542201,1000,2773.685683
1873.351255,1000,2776.097528
1407.925327,1000,2780.461175
1643.890225,1000,2782.78018
2357.205283,1000,2787.04509
1656.599103,1000,2789.27977
2117.670864,1000,2793.667772
2488.477433,1000,2795.92189
1987.565773,1000,2800.308239
2110.9375,1000,2802.677483
1964.328447,1000,2807.008332
2295.388697,1000,2809.385349
1406.491453,1000,2813.72783
2021.148279,1000,2816.200194
1841.695846,1000,2820.581541
2634.686203,1000,2822.780091
1072.162874,1000,2826.934879
1204.438456,1000,2829.185782
1758.107717,1000,2833.536538
1323.149965,1000,2835.952587
1900.859291,1000,2840.229149
1580.019198,1000,2842.377631
1649.109144,1000,2846.626625
2186.926288,1000,2848.949318
952.649016,1000,2853.147086
1565.533707,1000,2855.544327
1318.847671,1000,2859.876375
1528.814067,1000,2862.165813
915.831434,1000,2866.533264
1198.648717,1000,2869.027532
1459.335632,1000,2873.28558
2161.029697,1000,2875.615141
2566.460401,1000,2879.900589
1818.747337,1000,2882.19359
1928.794488,1000,2886.506517
2201.755441,1000,2888.666562
2410.307954,1000,2893.064369
1559.610376,1000,2895.707559
2155.420283,1000,2900.068621
1458.337364,1000,2902.400537
2049.893498,1000,2906.866174
2090.392442,1000,2909.079487
1224.801031,1000,2913.362139
2187.313528,1000,2915.776525
1768.978255,1000,2920.129085
2222.060805,1000,2922.585205
1600.228412,1000,2926.882628
2303.352464,1000,2929.2664
1065.367246,1000,2933.715368
2278.091403,1000,2936.212559
924.708133,1000,2940.634116
2094.852628,1000,2943.095518
1205.080417,1000,2947.321152
1584.912442,1000,2949.718358
1181.785708,1000,2954.150353
2516.897635,1000,2956.410378
2768.009762,1000,2960.686677
1555.86981,1000,2963.050216
1804.802028,1000,2967.300028
1704.220628,1000,2969.673112
1146.59834,1000,2974.150068
1814.830837,1000,2976.306183
2263.762415,1000,2980.795465
2033.79403,1000,2983.042189
1345.227354,1000,2987.36272
1618.337391,1000,2989.660091
1485.389625,1000,2994.058677
2338.84037,1000,2996.394866
2332.817316,1000,3000.745802
2158.937225,1000,3002.944685
1643.198167,1000,3007.3526
1899.093752,1000,3009.772596
2011.372888,1000,3014.305818
1687.590127,1000,3016.578023
1775.050641,1000,3021.001228
1180.755324,1000,3023.272735
1265.255004,1000,3027.697513
1316.951657,1000,3030.190121
1276.377394,1000,3034.696388
2302.961004,1000,3036.858508
1595.934416,1000,3041.162024
1685.914481,1000,3043.341136
1916.88585,1000,3047.891511
2098.093703,1000,3050.361114
2296.350869,1000,3054.772393
1783.743584,1000,3057.128031
2589.25682,1000,3061.682662
1526.403966,1000,3063.94352
1467.766613,1000,3068.441868
1636.554275,1000,3070.629472
1800.379904,1000,3074.97443
1839.238708,1000,3077.460255
2412.368873,1000,3082.075063
1335.682946,1000,3084.449545
2118.959101,1000,3088.729482
1986.936371,1000,3090.853645
2069.47015,1000,3095.394596
1558.503518,1000,3097.703225
2224.604953,1000,3101.993906
2047.117276,1000,3104.388625
2508.291985,1000,3108.93184
1290.269221,1000,3111.215868
804.664847,1000,3115.720769
2161.864521,1000,3117.992166
1651.838998,1000,3122.579204
2281.933955,1000,3125.091936
1939.625209,1000,3129.736175
1631.323697,1000,3132.095502
2462.497137,1000,3136.704234
2255.087711,1000,3139.200286
2694.815391,1000,3143.67016
1912.8574,1000,3146.07653
1839.480264,1000,3150.499672
1747.144956,1000,3152.674119
1075.714629,1000,3156.979299
2309.896233,1000,3159.266213
2154.524095,1000,3163.807971
2330.818003,1000,3166.193979
2349.747003,1000,3170.793481
1549.30347,1000,3173.081492
2033.278331,1000,3177.446363
1820.891347,1000,3179.616546
1482.407552,1000,3183.965048
2145.298139,1000,3186.178813
2137.31743,1000,3190.623886
2229.215973,1000,3193.003595
2922.623159,1000,3197.490067
2270.089654,1000,3199.772415
2207.898402,1000,3204.109412
2382.474469,1000,3206.535022
1709.182782,1000,3211.123259
1560.162427,1000,3213.519269
1636.561251,1000,3217.955544
1566.804159,1000,3220.141355
2262.212905,1000,3224.793397
1354.346393,1000,3227.316525
1977.102266,1000,3231.770444
1783.622057,1000,3233.960819
1134.537771,1000,3238.558506
1752.158269,1000,3240.84009
2686.228443,1000,3245.435757
1643.555267,1000,3247.62013
1133.003081,1000,3252.094752
2389.826337,1000,3254.33197
2347.626947,1000,3258.809833
1455.076861,1000,3261.066678
2077.212323,1000,3265.705702
1064.954207,1000,3267.996581
1851.529635,1000,3272.593246
1840.27708,1000,3275.023178
1285.04097,1000,3279.512506
1771.831537,1000,3281.814401
2159.075556,1000,3286.340565
1356.840641,1000,3288.841499
1724.036537,1000,3293.362671
636.574347,1000,3295.658783
1688.508595,1000,3300.088805
2452.978163,1000,3302.489521
1371.376948,1000,3307.079317
2058.017217,1000,3309.474431
1594.375941,1000,3314.215134
1529.330958,1000,3316.490582
1452.424083,1000,3321.181512
1904.575842,1000,3323.570992
1928.312447,1000,3328.260686
1563.420797,1000,3330.48878
1776.559482,1000,3335.049145
2054.940787,1000,3337.170195
2297.748322,1000,3341.786213
2174.920254,1000,3343.985348
2033.309771,1000,3348.598088
1385.361966,1000,3350.986017
1840.564411,1000,3355.510132
2240.463771,1000,3357.971378
1774.701021,1000,3362.707702
1349.931147,1000,3365.004701
2498.168231,1000,3369.612219
1693.911789,1000,3371.926188
2277.557612,1000,3376.688666
2194.778268,1000,3378.840194
912.897928,1000,3383.513566
1590.722458,1000,3385.849797
1577.080956,1000,3390.531035
2189.237013,1000,3392.807636
1970.005083,1000,3397.245173
1949.576249,1000,3399.588574
1523.14044,1000,3404.292703
2199.27191,1000,3406.750237
2076.072341,1000,3411.324671
1852.193446,1000,3413.591322
1030.480379,1000,3418.195524
968.856108,1000,3420.371598
2090.123696,1000,3424.96377
1761.202765,1000,3427.391964
1453.143737,1000,3432.038867
967.774974,1000,3434.314284
2264.027028,1000,3439.103237
1367.565319,1000,3441.438614
1990.83628,1000,3446.057782
2278.65045,1000,3448.290284
2162.637122,1000,3453.075373
1968.561323,1000,3455.428242
2127.813458,1000,3460.139881
2525.913838,1000,3462.556283
1911.346532,1000,3467.226661
1811.03246,1000,3469.531475
2278.498678,1000,3474.211397
2539.978615,1000,3476.493335
1821.474023,1000,3481.081726
1976.558412,1000,3483.33983
1631.535186,1000,3488.161283
2112.313207,1000,3490.45273
2121.69664,1000,3495.303089
2006.700154,1000,3497.789543
2089.300174,1000,3502.618194
1283.566236,1000,3505.054383
2035.530755,1000,3509.711642
2549.761969,1000,3512.09675
1523.875985,1000,3516.839518
2367.319976,1000,3519.199226
2484.429193,1000,3523.828132
940.976423,1000,3526.155272
2646.803549,1000,3530.835707
2440.298261,1000,3532.978091
1696.536619,1000,3537.724349
1812.131875,1000,3540.008524
1354.920698,1000,3544.75831
2123.809172,1000,3547.019689
2218.764539,1000,3551.655394
1864.50894,1000,3553.907609
1807.926004,1000,3558.709239
618.907183,1000,3560.938668
2176.602408,1000,3565.729592
1922.42927,1000,3568.158881
2383.547913,1000,3573.041234
1712.316048,1000,3575.254049
1609.233498,1000,3580.020713
1463.741759,1000,3582.43863
855.452443,1000,3587.242319
2084.724305,1000,3589.616824
1554.451082,1000,3594.42865
1604.678196,1000,3596.919106
2966.957813,1000,3601.782255
2232.818628,1000,3604.02324
1893.988215,1000,3608.789629
2546.300587,1000,3611.123255
2605.978498,1000,3616.067061
1828.66193,1000,3618.320823
1588.390172,1000,3623.008634
1766.650394,1000,3625.342775
1653.810399,1000,3630.10052
2213.592292,1000,3632.555707
1641.987169,1000,3637.374265
853.038922,1000,3639.647424
1982.002039,1000,3644.463835
1351.821003,1000,3646.612144
2299.83563,1000,3651.334352
1835.385964,1000,3653.721365
1629.433994,1000,3658.595205
2318.190815,1000,3661.036938
1776.534016,1000,3665.875123
1765.034059,1000,3668.229827
1338.877342,1000,3672.981039
1528.441164,1000,3675.304494
2115.265727,1000,3680.199599
1115.751998,1000,3682.574235
1935.626503,1000,3687.413981
2175.445565,1000,3689.880098
1761.616989,1000,3694.595113
1094.270441,1000,3696.917981
1549.083545,1000,3701.86276
1977.44283,1000,3704.258561
1619.089161,1000,3709.013197
1653.99269,1000,3711.293336
1970.479294,1000,3716.148172
2358.829814,1000,3718.474641
1342.149254,1000,3723.312628
2410.013138,1000,3725.683685
1449.843028,1000,3730.384544
2000.491215,1000,3732.749096
1608.955033,1000,3737.636414
2215.911322,1000,3740.119178
1509.438211,1000,3744.93059
1914.214132,1000,3747.341395
1693.547057,1000,3752.308201
2345.460662,1000,3754.787327
1134.887075,1000,3759.719645
2081.286152,1000,3761.953091
1270.728158,1000,3766.944604
2201.271619,1000,3769.264754
1685.735534,1000,3774.128215
1761.282858,1000,3776.643871
2384.675798,1000,3781.619561
2052.302138,1000,3783.977142
2444.842308,1000,3788.969805
1860.033386,1000,3791.27859
2201.98571,1000,3796.231833
1855.498847,1000,3798.647881
1421.260881,1000,3803.516044
1948.231795,1000,3805.808786
2414.087423,1000,3810.686676
2096.208769,1000,3812.946945
1491.951869,1000,3817.94637
2041.934481,1000,3820.42328
2024.133535,1000,3825.383166
1532.223686,1000,3827.710705
1992.728089,1000,3832.468918
2197.266455,1000,3834.791702
2667.295412,1000,3839.823269
2347.200211,1000,3842.147166
1527.065266,1000,3846.88212
1612.884735,1000,3849.130231
1634.490751,1000,3853.921852
1673.661561,1000,3856.263585
1981.646431,1000,3861.265212
1958.861158,1000,3863.673851
2055.437925,1000,3868.470737
1590.396843,1000,3870.984503
1378.359929,1000,3875.960844
1877.318797,1000,3878.390324
2668.412595,1000,3883.20696
1985.172819,1000,3885.370276
2047.981676,1000,3890.182292
1912.635443,1000,3892.487999
1960.979211,1000,3897.426874
1597.667718,1000,3899.640444
1498.29925,1000,3904.386372
1126.441304,1000,3906.743248
1644.96748,1000,3911.681565
1486.328695,1000,3914.03655
1297.247512,1000,3919.013227
1709.464376,1000,3921.280558
1978.459492,1000,3926.25869
1913.4224,1000,3928.433996
1210.514207,1000,3933.314534
1408.482654,1000,3935.663417
2168.446858,1000,3940.643767
2268.391216,1000,3942.989257
2160.338951,1000,3947.946797
1931.381057,1000,3950.260286
1754.741171,1000,3955.168365
1260.958364,1000,3957.393744
1917.058991,1000,3962.361161
1144.850114,1000,3964.518411
2081.271895,1000,3969.385994
2474.004996,1000,3971.782094
2292.036935,1000,3976.770558
2198.687014,1000,3979.205796
1799.617754,1000,3984.310114
1562.764621,1000,3986.763456
2073.376374,1000,3991.880442
2062.701197,1000,3994.170988
1896.318247,1000,3999.214219
1635.567077,1000,4001.516515
1771.655024,1000,4006.63513
1946.702169,1000,4009.051051
2103.076629,1000,4014.110595
2314.039863,1000,4016.591952
2247.602079,1000,4021.655277
2595.188897,1000,4024.103688
1471.171584,1000,4029.090603
2094.396148,1000,4031.392216
1749.005146,1000,4036.3295
1118.613886,1000,4038.523775
1615.418067,1000,4043.609409
1735.293822,1000,4045.839024
1362.913136,1000,4050.934818
1146.645725,1000,4053.254467
1339.462795,1000,4058.197318
2331.443736,1000,4060.456006
2102.632015,1000,4065.382037
2034.944755,1000,4067.739507
1687.433777,1000,4072.790939
1903.99376,1000,4075.049424
1355.555684,1000,4080.026317
1690.552413,1000,4082.481366
2241.136068,1000,4087.383913
2581.466233,1000,4089.732234
2052.05122,1000,4094.708267
1911.285898,1000,4096.890196
2322.098111,1000,4101.941559
1114.93781,1000,4104.191697
2213.886776,1000,4109.269157
2330.330157,1000,4111.550309
2400.627439,1000,4116.6716
1179.875783,1000,4119.112699
1546.103732,1000,4124.213166
2242.744904,1000,4126.63055
1468.964471,1000,4131.806194
1518.241322,1000,4134.136635
2200.036069,1000,4139.24213
1706.494945,1000,4141.40172
1618.060274,1000,4146.587195
1380.753368,1000,4148.812735
1523.248781,1000,4153.782991
1376.848035,1000,4156.110579
2124.35596,1000,4161.293624
2195.198437,1000,4163.430099
2034.920943,1000,4168.375266
1386.565435,1000,4170.633234
2011.86849,1000,4175.832071
1922.094438,1000,4178.275687
1650.398079,1000,4183.350035
1637.177866,1000,4185.774246
1966.207066,1000,4190.815539
2192.782359,1000,4192.993593
2612.307226,1000,4198.017504
2130.762364,1000,4200.258555
1967.600971,1000,4205.311972
2192.460176,1000,4207.669484
2191.416521,1000,4212.639022
2951.678482,1000,4214.974633
2068.705495,1000,4220.107219
1401.185493,1000,4222.322883
1628.448044,1000,4227.421448
2759.260736,1000,4229.874407
1571.474224,1000,4235.05186
1457.454977,1000,4237.29634
1750.744099,1000,4242.503251
2009.088711,1000,4244.82974
2493.790677,1000,4249.942511
1245.111228,1000,4252.205824
822.097892,1000,4257.16486
2345.259568,1000,4259.374051
2026.295031,1000,4264.426956
1499.026902,1000,4266.703307
1797.180861,1000,4271.767512
1063.917064,1000,4273.988375
1815.559301,1000,4279.036058
2208.402421,1000,4281.403203
1313.337725,1000,4286.451314
2431.077467,1000,4288.828575
2004.395896,1000,4293.877515
969.968305,1000,4296.214609
1282.106187,1000,4301.446648
1958.197985,1000,4303.780209
2619.158209,1000,4309.090133
1732.033757,1000,4311.404706
1705.922136,1000,4316.487633
2987.440224,1000,4318.984544
2102.965206,1000,4324.162279
711.361153,1000,4326.52412
1481.012469,1000,4331.726515
1135.193129,1000,4334.070512
2260.24899,1000,4339.248197
1501.465355,1000,4341.557806
1783.95618,1000,4346.672809
2489.249812,1000,4348.815274
1572.865376,1000,4353.835877
1893.786295,1000,4356.101411
1289.072369,1000,4361.310647
2223.617026,1000,4363.652026
2178.7016,1000,4368.846127
1510.209912,1000,4371.004685
2667.335753,1000,4376.030841
2477.707701,1000,4378.285314
2301.634192,1000,4383.63642
1780.103969,1000,4385.874716
2243.716406,1000,4390.995905
2347.840428,1000,4393.285771
1861.421453,1000,4398.609576
2274.984178,1000,4401.088613
1332.394826,1000,4406.373225
1353.077256,1000,4408.639066
1617.300029,1000,4413.763256
1517.024939,1000,4416.032183
2052.602986,1000,4421.262213
1879.727959,1000,4423.392331
1690.363,1000,4428.446651
1300.241784,1000,4430.602205
1960.987641,1000,4435.745688
2133.816296,1000,4438.061548
1445.433874,1000,4443.134859
2340.257495,1000,4445.328287
1287.756452,1000,4450.464475
1057.588842,1000,4452.670627
1142.615599,1000,4457.917066
2239.287425,1000,4460.117138
1597.35107,1000,4465.328021
1735.387124,1000,4467.542584
755.435565,1000,4472.714066
2707.677289,1000,4475.17866
1743.874932,1000,4480.430594
2080.894101,1000,4482.688205
2259.731791,1000,4488.030412
1926.739167,1000,4490.340532
2529.431451,1000,4495.511423
1470.353459,1000,4497.783178
2096.561168,1000,4502.885665
1682.375526,1000,4505.080584
2526.215514,1000,4510.206886
2445.433749,1000,4512.683451
1820.401473,1000,4517.800617
1609.923859,1000,4519.952488
1781.324696,1000,4525.15267
2461.856353,1000,4527.300301
2426.171501,1000,4532.643682
2519.563002,1000,4534.893188
2130.363936,1000,4540.171513
1549.685741,1000,4542.571201
2007.735239,1000,4547.84357
1627.687054,1000,4550.178354
1102.985621,1000,4555.545151
1244.739852,1000,4557.76394
2144.760508,1000,4563.00118
1649.292754,1000,4565.490274
1579.51392,1000,4570.736484
1616.15993,1000,4572.918093
1362.433293,1000,4578.331796
2567.478095,1000,4580.620835
1343.894086,1000,4585.939383
1982.563389,1000,4588.134053
2260.57107,1000,4593.512311
1361.393387,1000,4595.893585
1295.521878,1000,4601.216981
1246.560298,1000,4603.485435
1715.827987,1000,4608.702659
1561.824861,1000,4611.148505
1834.326614,1000,4616.588701
2149.683488,1000,4618.985345
2027.509693,1000,4624.400844
1873.714046,1000,4626.842627
1488.525115,1000,4631.994236
2086.436568,1000,4634.346689
2118.996097,1000,4639.635988
2045.61588,1000,4642.070288
2095.591729,1000,4647.422489
2006.947662,1000,4649.768668
1604.253353,1000,4655.253721
1686.642586,1000,4657.767069
1687.619957,1000,4663.087638
1621.683659,1000,4665.217596
2163.863781,1000,4670.672182
2144.303951,1000,4673.003054
2488.627975,1000,4678.315212
1473.75595,1000,4680.74854
2321.490034,1000,4686.261696
2198.617532,1000,4688.769205
2019.796534,1000,4694.183508
1391.214471,1000,4696.683306
2016.217877,1000,4702.166165
1777.762545,1000,4704.487759
2651.411497,1000,4709.744202
1661.376893,1000,4712.015433
1843.917086,1000,4717.268235
2230.600405,1000,4719.503455
1337.84937,1000,4724.844372
998.566358,1000,4727.361832
1299.955637,1000,4732.719272
875.662347,1000,4735.041058
2406.681773,1000,4740.33724
2313.965974,1000,4742.512327
1359.828134,1000,4747.810957
1583.845287,1000,4750.227895
2295.560713,1000,4755.533227
2199.866453,1000,4757.778884
1423.380933,1000,4762.989527
1736.97481,1000,4765.194043
1261.790109,1000,4770.710586
2427.21199,1000,4772.970229
2957.038872,1000,4778.402547
2157.753707,1000,4780.887508
2038.379671,1000,4786.436645
1593.297,1000,4788.813715
1352.575981,1000,4794.357508
1866.849744,1000,4796.621231
1894.391091,1000,4801.891549
1998.043846,1000,4804.087755
1555.893261,1000,4809.515577
1372.71101,1000,4812.010759
1870.274703,1000,4817.48953
1969.035479,1000,4819.756562
1511.812448,1000,4825.2077
901.434612,1000,4827.457579
2640.258255,1000,4832.892942
1573.995364,1000,4835.321552
1947.541072,1000,4840.699306
1913.006077,1000,4842.995337
2095.749596,1000,4848.40524
1982.218844,1000,4850.880559
1851.350493,1000,4856.272036
1772.68667,1000,4858.464548
2397.639312,1000,4863.895851
2456.088619,1000,4866.042856
1513.727867,1000,4871.468472
901.116602,1000,4873.889363
2144.282097,1000,4879.188996
1406.623485,1000,4881.40921
1432.171555,1000,4886.822953
2381.769512,1000,4889.115735
1962.675791,1000,4894.43699
1979.403095,1000,4896.565462
1298.438306,1000,4901.968525
1090.861859,1000,4904.200684
2019.348684,1000,4909.662415
1481.973022,1000,4911.873991
1750.022456,1000,4917.291524
1977.466127,1000,4919.658059
2496.373534,1000,4925.049588
1030.239448,1000,4927.425622
1768.049854,1000,4932.797035
2296.744967,1000,4935.062657
1295.324401,1000,4940.584431
1394.949775,1000,4942.880542
1635.129197,1000,4948.468168
1934.059176,1000,4950.807706
1660.290202,1000,4956.307082
2364.288849,1000,4958.637952
949.472137,1000,4964.215299
1512.341875,1000,4966.443342
1926.573721,1000,4971.985076
1810.119679,1000,4974.377469
1832.626352,1000,4979.693747
2091.974514,1000,4981.969208
1249.416922,1000,4987.52539
1510.864969,1000,4989.795451
1587.749913,1000,4995.202349
1420.788599,1000,4997.437936
2536.507687,1000,5002.900165
1199.448864,1000,5005.294764
2165.814728,1000,5010.894243
1604.390452,1000,5013.318443
1323.996957,1000,5018.959651
1697.898062,1000,5021.478596
1679.052287,1000,5027.145197
1707.240829,1000,5029.363545
1272.166546,1000,5034.873327
1581.655864,1000,5037.308398
2062.223862,1000,5042.788661
1485.398632,1000,5045.138537
1762.118263,1000,5050.752339
2496.315929,1000,5053.031363
1934.652434,1000,5058.650217
879.553214,1000,5060.84306
1542.737497,1000,5066.424753
989.311949,1000,5068.903515
2280.714337,1000,5074.490753
1414.643329,1000,5076.986578
1562.312782,1000,5082.694685
884.940461,1000,5085.109613
2188.956958,1000,5090.610373
2402.545802,1000,5092.973238
996.030509,1000,5098.605844
1000.473636,1000,5100.880499
1635.455744,1000,5106.562442
1850.489324,1000,5108.895407
1883.222624,1000,5114.356793
2169.200717,1000,5116.65692
2486.782578,1000,5122.018426
2027.732284,1000,5124.260463
2041.93086,1000,5129.736479
1961.456036,1000,5132.084661
2026.42786,1000,5137.668677
1446.173711,1000,5139.89706
2639.134572,1000,5145.402369
1354.400718,1000,5147.647325
1007.494965,1000,5153.020468
1217.249039,1000,5155.296535
1433.066739,1000,5160.907633
1966.228206,1000,5163.367641
1512.837428,1000,5169.088627
1681.974532,1000,5171.587456
2310.157918,1000,5177.163295
1703.031661,1000,5179.382947
2127.638012,1000,5185.009534
1562.501577,1000,5187.449202
1196.781814,1000,5192.945205
2070.423632,1000,5195.07027
1483.301804,1000,5200.747715
1249.451224,1000,5203.164127
2001.14743,1000,5208.820186
2757.175458,1000,5211.00383
1605.831191,1000,5216.718009
1096.562997,1000,5219.140537
2102.515516,1000,5224.749997
1719.840519,1000,5227.107752
1308.127709,1000,5232.608325
1579.179447,1000,5235.107649
1619.057595,1000,5240.715669
1669.096966,1000,5243.036604
1508.970994,1000,5248.532169
1567.332551,1000,5250.856231
1407.01635,1000,5256.494433
2282.098268,1000,5258.917541
1354.433965,1000,5264.627888
1669.946029,1000,5266.879185
1733.131647,1000,5272.608616
2340.009796,1000,5274.934154
1589.209414,1000,5280.6083
2257.377611,1000,5282.909447
1549.339495,1000,5288.600316
2009.424068,1000,5291.058591
1581.96769,1000,5296.838585
1244.440025,1000,5299.091516
1051.604297,1000,5304.683827
2036.03777,1000,5307.041245
1537.560354,1000,5312.806256
1520.077552,1000,5315.037894
2322.422072,1000,5320.736492
2420.488422,1000,5322.945021
1859.872581,1000,5328.62549
2280.890289,1000,5330.921669
1923.271687,1000,5336.550762
1717.418247,1000,5338.941161
1881.702346,1000,5344.636916
1791.881476,1000,5346.964214
1627.132087,1000,5352.60918
1078.066544,1000,5354.986329
1653.012693,1000,5360.602354
1531.586835,1000,5363.011644
2085.789526,1000,5368.735273
1158.197563,1000,5371.122269
930.171843,1000,5376.85031
978.846668,1000,5379.182053
895.616039,1000,5384.878571
1544.184305,1000,5387.376757
1257.798613,1000,5393.184746
2066.151951,1000,5395.402139
1393.394707,1000,5401.048951
1119.225216,1000,5403.238706
1899.687053,1000,5408.931561
1596.074246,1000,5411.073171
856.674288,1000,5416.688073
1737.560142,1000,5419.022092
1189.69286,1000,5424.714155
1166.735382,1000,5427.173599
1710.055946,1000,5432.939533
1576.803119,1000,5435.204026
1738.169479,1000,5440.933766
1057.81584,1000,5443.195805
546.699617,1000,5449.02628
1795.462452,1000,5451.385498
2036.263876,1000,5457.00818
1628.453594,1000,5459.222545
2385.002084,1000,5464.969583
737.392467,1000,5467.423533
1295.95672,1000,5473.1358
1673.679054,1000,5475.5804
1225.396386,1000,5481.066326
1273.821952,1000,5483.464623
1337.243468,1000,5489.117036
1799.260552,1000,5491.519684
1816.339498,1000,5497.299602
799.002945,1000,5499.585198
1332.179714,1000,5505.342095
1286.733683,1000,5507.804908
734.994149,1000,5513.357398
1538.842858,1000,5515.699932
1049.980298,1000,5521.444418
1765.874697,1000,5523.717396
1519.42179,1000,5529.566231
1407.764552,1000,5532.073672
1838.711373,1000,5537.994584
1215.778121,1000,5540.189422
1370.235453,1000,5545.915028
1396.673464,1000,5548.040657
933.125849,1000,5553.864262
811.005239,1000,5556.333146
524.680989,1000,5562.084667
-3487.149889,1000,5564.512199
457.544747,1000,5570.342289
-5880.915589,1000,5572.672733
-6871.215107,1000,5578.517922
-90.657107,1000,5580.818212
-1113.986029,1000,5586.559103
-469.208948,1000,5588.889726
-633.478583,1000,5594.825544
-985.064343,1000,5597.249243
-346.682553,1000,5603.200111
161.765962,1000,5605.438211
-318.426415,1000,5611.256702
-527.087329,1000,5613.627273
224.511061,1000,5619.381418
546.514875,1000,5621.618128
1151.060574,1000,5627.456493
1120.877681,1000,5629.908831
1030.430999,1000,5635.732358
1691.054722,1000,5638.10575
-345.700113,1000,5643.818691
1033.695349,1000,5646.014995
68.95409,1000,5651.689091
866.744651,1000,5653.945007
381.798774,1000,5659.831044
1523.696725,1000,5662.033256
1297.361888,1000,5667.893506
1570.576521,1000,5670.290012
548.86575,1000,5676.284031
1678.232999,1000,5678.743314
1042.307708,1000,5684.611952
1190.121771,1000,5687.076275
1131.224093,1000,5692.986226
1245.877777,1000,5695.358127
1335.507144,1000,5701.307302
1254.249279,1000,5703.774577
337.680733,1000,5709.581937
1412.359449,1000,5712.039445
1812.152352,1000,5717.868729
266.555467,1000,5720.238107
1682.404052,1000,5725.994568
1767.106418,1000,5728.363572
2132.962809,1000,5734.322135
1291.09927,1000,5736.756455
286.493814,1000,5742.497645
1619.461637,1000,5744.93005
1313.965905,1000,5750.774176
1843.080639,1000,5752.926967
881.610381,1000,5758.814197
2067.802306,1000,5761.063473
907.421506,1000,5767.106775
1107.599061,1000,5769.439212
2437.858022,1000,5775.284769
1052.195458,1000,5777.751797
1872.876902,1000,5783.73421
1795.653807,1000,5785.982049
2096.498815,1000,5791.928821
2784.24423,1000,5794.215388
1842.174297,1000,5800.210565
1609.08616,1000,5802.571987
2145.51141,1000,5808.60582
2268.94969,1000,5811.070305
1773.881806,1000,5816.936201
2608.249504,1000,5819.294561
1936.493885,1000,5825.084482
2161.480743,1000,5827.233469
1861.820286,1000,5832.927209
2056.227801,1000,5835.294401
1578.223851,1000,5840.930156
1710.404157,1000,5843.321768
1101.260669,1000,5849.111946
1683.010864,1000,5851.485613
2337.994568,1000,5857.347188
1900.99241,1000,5859.654775
2263.497412,1000,5865.587973
2413.901377,1000,5867.839371
1304.008799,1000,5873.764994
2214.191309,1000,5876.071127
2334.690484,1000,5882.108343
1438.448043,1000,5884.465856
1408.330906,1000,5890.179881
1970.196726,1000,5892.303757
764.364613,1000,5898.341132
2227.504987,1000,5900.61546
2414.636737,1000,5906.48981
1491.264681,1000,5908.798145
1845.013013,1000,5914.822657
1560.020486,1000,5917.332101
2627.675524,1000,5923.286696
1233.879567,1000,5925.719629
2064.012059,1000,5931.734171
1482.435791,1000,5934.075638
984.983361,1000,5940.046722
1561.546661,1000,5942.436353
2878.65888,1000,5948.373396
1890.42794,1000,5950.725209
1917.620647,1000,5956.804929
2033.030601,1000,5958.982165
1578.332897,1000,5964.986298
536.104339,1000,5967.426467
1164.681358,1000,5973.4089
1761.955807,1000,5975.797431
1393.315342,1000,5981.978229
951.121194,1000,5984.377795
1471.071734,1000,5990.449511
1499.225791,1000,5992.851116
1945.006088,1000,5998.85814
1701.496881,1000,6001.292722
2459.537516,1000,6007.347744
1403.877788,1000,6009.655024
1120.058424,1000,6015.44261
1131.612668,1000,6017.789783
2289.867867,1000,6023.780289
847.040124,1000,6026.064083
1826.300486,1000,6032.000361
587.114385,1000,6034.113889
826.897591,1000,6040.217379
1666.714353,1000,6042.535147
2441.78526,1000,6048.43815
1448.294296,1000,6050.644138
2408.307188,1000,6056.639115
2020.013504,1000,6059.049953
356.825252,1000,6065.050292
3242.239273,1000,6067.470732
2396.257468,1000,6073.540114
2055.332957,1000,6075.741901
2436.873779,1000,6081.715325
650.772095,1000,6083.926291
174.2289,1000,6090.022425
1583.051296,1000,6092.324849
1652.300804,1000,6098.289827
1186.050376,1000,6100.585458
1861.89099,1000,6106.592528
2177.187581,1000,6109.011938
2069.529278,1000,6115.07746
1634.755598,1000,6117.217423
2404.545399,1000,6123.115524
1900.59085,1000,6125.28542
842.805301,1000,6131.327257
1598.645763,1000,6133.787411
2116.847726,1000,6139.71873
1801.126999,1000,6141.855281
1938.963843,1000,6147.856174
1662.2088,1000,6150.097156
1592.805529,1000,6156.316291
1792.147337,1000,6158.724007
1485.432188,1000,6164.888683
2719.386245,1000,6167.301252
1309.765358,1000,6173.366725
2377.859734,1000,6175.751712
1757.449725,1000,6181.699101
2386.952741,1000,6183.828781
2436.195586,1000,6189.907754
1784.673483,1000,6192.226419
1566.368356,1000,6198.258786
2143.591073,1000,6200.411621
1052.110307,1000,6206.403598
1786.362808,1000,6208.654937
1785.010515,1000,6214.678521
1407.493077,1000,6217.176706
1975.805433,1000,6223.335076
2017.670439,1000,6225.722136
980.579222,1000,6231.778391
2646.829479,1000,6233.912269
2127.03116,1000,6239.826798
1997.701666,1000,6242.134337
2015.263214,1000,6248.336271
2130.777347,1000,6250.633821
1423.905429,1000,6256.700206
2256.136442,1000,6259.061486
2194.313312,1000,6265.200767
1217.732598,1000,6267.506863
1870.89802,1000,6273.697132
1437.464913,1000,6275.894094
2047.250337,1000,6282.085635
1967.849567,1000,6284.265799
1680.439771,1000,6290.459268
1702.693484,1000,6292.652004
2310.768193,1000,6298.848191
2248.333582,1000,6301.300191
1896.668675,1000,6307.340758
1910.203932,1000,6309.604565
2170.855997,1000,6315.781294
1332.71628,1000,6318.279044
1820.960955,1000,6324.41257
2215.357579,1000,6326.691401
2349.684435,1000,6332.890512
1845.119626,1000,6335.190869
2483.947706,1000,6341.483687
1550.25362,1000,6343.915156
399.046098,1000,6350.141941
1919.63589,1000,6352.350722
2073.017858,1000,6358.475294
1074.684553,1000,6360.832095
1194.911463,1000,6366.886657
2548.549603,1000,6369.250892
978.549751,1000,6375.417836
2385.56904,1000,6377.836688
1628.831102,1000,6383.929936
1815.517356,1000,6386.314095
1392.490718,1000,6392.341574
1382.973434,1000,6394.80054
1561.372713,1000,6401.042334
844.105716,1000,6403.397133
1974.731705,1000,6409.717893
2164.286817,1000,6411.866516
1830.952567,1000,6418.052921
1853.545514,1000,6420.194823
2020.550064,1000,6426.240811
2611.011215,1000,6428.642513
2124.999409,1000,6434.761766
1273.592501,1000,6436.947745
1657.898557,1000,6443.25123
1397.363716,1000,6445.747361
2122.712168,1000,6451.997158
1228.63639,1000,6454.456649
1606.584135,1000,6460.777409
2325.245392,1000,6463.114202
796.621775,1000,6469.505778
2079.185844,1000,6471.998184
1827.558943,1000,6478.246172
1762.523051,1000,6480.602834
1240.17177,1000,6486.737641
1649.248166,1000,6488.986641
2455.790255,1000,6495.096091
2325.640424,1000,6497.324191
2846.390068,1000,6503.532036
2963.272834,1000,6505.875429
2965.53947,1000,6511.913337
3160.59335,1000,6514.147472
2934.401947,1000,6520.416322
2719.92583,1000,6522.665196
1432.316117,1000,6528.811346
1988.545955,1000,6531.195729
2458.923821,1000,6537.568403
1301.859536,1000,6539.999343
495.471966,1000,6546.381685
2142.947575,1000,6548.740502
1490.431805,1000,6554.777787
1592.638225,1000,6557.090559
2170.120285,1000,6563.173767
3469.36085,1000,6565.395642
2285.029706,1000,6571.580133
2480.793769,1000,6573.829321
2265.553334,1000,6580.025519
2734.686588,1000,6582.213099
1878.070483,1000,6588.401734
2742.451794,1000,6590.673539
1482.789798,1000,6596.847347
2815.568501,1000,6599.208405
3284.600622,1000,6605.442485
2801.503876,1000,6607.871092
2955.596113,1000,6614.190084
2692.662765,1000,6616.592714
1584.651848,1000,6622.881756
2415.867145,1000,6625.264172
3271.137577,1000,6631.657294
3068.237946,1000,6634.04302
3010.765818,1000,6640.261815
2264.095674,1000,6642.59062
2907.919668,1000,6649.020127
2196.323827,1000,6651.282784
2896.943643,1000,6657.640683
2190.483724,1000,6660.021602
2831.61415,1000,6666.140427
2416.053769,1000,6668.281036
2348.361026,1000,6674.555116
2747.730008,1000,6676.980663
3003.315341,1000,6683.298205
2139.833615,1000,6685.561393
2256.997576,1000,6692.006186
2860.863297,1000,6694.336108
2328.855509,1000,6700.806527
2748.605641,1000,6703.294541
2910.728209,1000,6709.607877
2645.56181,1000,6711.976506
2587.761935,1000,6718.224176
3132.356575,1000,6720.526891
2414.904939,1000,6726.892386
2932.00317,1000,6729.241807
2747.334444,1000,6735.453567
2091.979611,1000,6737.908888
2114.058627,1000,6744.186661
2260.171663,1000,6746.435616
2626.484543,1000,6752.647695
2938.617846,1000,6754.960334
2436.346523,1000,6761.322337
2443.70567,1000,6763.753748
3770.659707,1000,6770.179713
2763.159251,1000,6772.417881
2283.239486,1000,6778.80609
2232.446435,1000,6781.017197
2536.562322,1000,6787.403429
3229.296906,1000,6789.840048
2088.941159,1000,6796.197196
2394.132889,1000,6798.684608
2852.604843,1000,6805.019706
2197.130385,1000,6807.367849
2905.327677,1000,6813.718423
3032.581941,1000,6815.90382
3376.735865,1000,6822.116731
2705.730094,1000,6824.391226
3163.664171,1000,6830.603773
3146.275835,1000,6832.826227
3043.064147,1000,6839.339717
2909.766177,1000,6841.715091
2404.860274,1000,6848.037036
2779.806256,1000,6850.462121
3211.603897,1000,6856.664132
3084.532721,1000,6859.061486
3318.931287,1000,6865.559592
2419.93087,1000,6867.888697
2233.325471,1000,6874.298975
2654.231069,1000,6876.597977
2653.201387,1000,6882.95954
3245.1879,1000,6885.290742
2718.950623,1000,6891.657411
3048.546718,1000,6893.966506
3579.807315,1000,6900.457695
2161.206238,1000,6902.804445
3063.990677,1000,6909.224237
2706.318465,1000,6911.423422
2900.784593,1000,6917.858023
3570.474514,1000,6920.284044
3642.798818,1000,6926.586297
2883.238147,1000,6928.840122
3287.706458,1000,6935.186147
3443.275577,1000,6937.430609
3531.525938,1000,6943.691609
2770.939555,1000,6945.848329
2760.198783,1000,6952.282005
3416.752822,1000,6954.492509
3952.968283,1000,6960.830592
3321.759722,1000,6963.158882
3891.377649,1000,6969.670171
3081.982522,1000,6971.928524
3154.197728,1000,6978.435921
2985.793897,1000,6980.67856
4097.293941,1000,6987.108804
4252.389149,1000,6989.353008
4311.553004,1000,6995.838004
3794.473201,1000,6998.026567
4119.366181,1000,7004.358698
4070.869056,1000,7006.540335
4015.183172,1000,7012.87605
3853.927387,1000,7015.121163
3563.613245,1000,7021.488447
3979.854944,1000,7023.746412
3899.645807,1000,7030.350407
3927.718087,1000,7032.839111
3978.154791,1000,7039.370231
4309.866103,1000,7041.697156
3703.642411,1000,7048.163416
2070.781674,1000,7050.591121
3569.321162,1000,7056.985301
1242.151512,1000,7059.249793
932.228358,1000,7065.782618
1171.767602,1000,7068.249564
3478.698525,1000,7074.859403
3645.551769,1000,7077.214315
3418.913261,1000,7083.797553
3439.695446,1000,7086.133569
3687.532457,1000,7092.658195
3259.540449,1000,7094.870428
3418.597048,1000,7101.524488
3251.843026,1000,7103.748305
3334.170333,1000,7110.193972
3353.651244,1000,7112.419567
3072.650809,1000,7118.935691
3592.482368,1000,7121.177461
3610.045507,1000,7127.773284
3026.973132,1000,7129.973682
3534.02213,1000,7136.628773
3518.937028,1000,7138.896882
2997.604835,1000,7145.381999
3510.389024,1000,7147.756181
3325.144856,1000,7154.23888
2526.792945,1000,7156.621101
3158.927809,1000,7163.178755
3435.283484,1000,7165.601118
2019.689118,1000,7171.988507
3989.78682,1000,7174.308714
3536.974348,1000,7181.015497
3452.869268,1000,7183.327895
946.437026,1000,7190.047249
2834.991174,1000,7192.42634
2982.828737,1000,7198.96141
3022.729341,1000,7201.222128
3583.017342,1000,7207.797032
2171.188656,1000,7210.18001
3910.001941,1000,7216.610259
3325.319325,1000,7218.948223
3808.069674,1000,7225.500909
4120.127596,1000,7227.943805
3863.213608,1000,7234.450054
4196.362524,1000,7236.609488
4093.588114,1000,7243.161151
3916.163856,1000,7245.367582
4217.829024,1000,7251.915686
3828.130134,1000,7254.109647
2968.286845,1000,7260.585835
3746.646034,1000,7263.006856
3464.409039,1000,7269.54115
3735.729189,1000,7271.877816
3977.096841,1000,7278.538313
3829.785889,1000,7281.031059
3419.85771,1000,7287.495594
3727.431689,1000,7289.725686
3696.457028,1000,7296.394965
2838.273295,1000,7298.864735
3951.137246,1000,7305.695453
2161.197074,1000,7308.064817
3248.689173,1000,7314.55524
3922.703291,1000,7316.865082
3802.456947,1000,7323.590666
3104.751457,1000,7326.058873
2838.249243,1000,7332.580549
3787.374876,1000,7334.892824
3836.045584,1000,7341.4823
4025.958559,1000,7343.729845
3581.343772,1000,7350.135213
4026.016837,1000,7352.451682
3917.64631,1000,7359.021832
3754.250221,1000,7361.484685
4182.048159,1000,7368.074801
3862.737053,1000,7370.436546
4032.077494,1000,7377.003935
3782.077052,1000,7379.329699
3779.03813,1000,7385.972582
3615.992469,1000,7388.444052
3901.990533,1000,7395.049946
4032.402921,1000,7397.443486
3648.528222,1000,7403.975325
4115.196741,1000,7406.35348
3593.224276,1000,7413.006468
3875.158953,1000,7415.224181
3819.161507,1000,7422.033076
3914.011154,1000,7424.495642
3739.090508,1000,7431.009717
3195.170447,1000,7433.215301
3901.776891,1000,7439.840983
3586.30054,1000,7442.233048
3295.92235,1000,7448.932177
2621.715851,1000,7451.410139
3258.24535,1000,7457.967492
3787.051088,1000,7460.11011
3929.116171,1000,7466.828503
3757.839268,1000,7469.15722
3505.220363,1000,7475.722605
3376.607453,1000,7478.192045
3806.900921,1000,7484.842238
3091.969825,1000,7487.294088
3860.0222,1000,7494.050538
3858.087516,1000,7496.492605
3601.154636,1000,7503.197247
3775.897383,1000,7505.595245
4226.634104,1000,7512.330671
3289.501344,1000,7514.509297
3476.119541,1000,7521.255935
3994.99076,1000,7523.492672
4233.688382,1000,7530.109524
3922.771366,1000,7532.461383
3264.55832,1000,7539.130324
3518.209324,1000,7541.391212
3531.817451,1000,7548.163475
3451.902295,1000,7550.66049
4438.328995,1000,7557.509481
3104.576985,1000,7559.970372
3871.394873,1000,7566.625843
3526.102697,1000,7568.925433
3097.355099,1000,7575.486886
3892.129648,1000,7577.707941
3497.261931,1000,7584.373051
3736.484386,1000,7586.623097
3565.323586,1000,7593.258101
3803.89352,1000,7595.677565
3585.378602,1000,7602.332533
3780.647124,1000,7604.509088
3322.512548,1000,7611.147285
3307.485359,1000,7613.456811
3117.468361,1000,7620.249732
2948.682361,1000,7622.585842
3474.425343,1000,7629.433755
3214.448225,1000,7631.677266
3915.007167,1000,7638.507394
3938.00434,1000,7640.82375
3567.235333,1000,7647.647553
3884.327606,1000,7650.067732
3899.769985,1000,7656.903835
3784.635503,1000,7659.110647
4134.5472,1000,7665.91753
3569.815667,1000,7668.34323
3322.691096,1000,7675.213099
4077.194897,1000,7677.711475
3417.817756,1000,7684.55342
3707.887286,1000,7686.932132
3332.114278,1000,7693.58771
3824.306043,1000,7696.066746
3684.942336,1000,7702.912472
3776.254543,1000,7705.082294
3335.068016,1000,7711.837931
3689.953479,1000,7714.070478
3958.820453,1000,7720.741661
3045.15147,1000,7723.020617
3676.025496,1000,7729.688114
3661.370312,1000,7732.052992
3024.897975,1000,7738.863176
3713.15421,1000,7741.134215
3686.806493,1000,7747.959875
3194.055611,1000,7750.354982
3440.761535,1000,7757.114054
3503.669665,1000,7759.394705
3314.842092,1000,7766.092496
3622.458138,1000,7768.414746
3838.383196,1000,7775.121203
3838.255072,1000,7777.572073
3479.092027,1000,7784.237264
3665.617735,1000,7786.730594
4006.846412,1000,7793.41254
3811.661143,1000,7795.707911
4172.036982,1000,7802.456563
3525.46762,1000,7804.961689
4161.588279,1000,7811.76604
3904.131517,1000,7814.087201
3838.131333,1000,7820.843282
4101.589554,1000,7823.020593
3714.528684,1000,7829.894675
4048.253773,1000,7832.370349
3176.591596,1000,7839.236356
3751.657558,1000,7841.618108
3428.120596,1000,7848.43096
3892.304441,1000,7850.696653
4061.324646,1000,7857.530305
3568.778716,1000,7859.980522
4124.287655,1000,7866.880513
3182.862186,1000,7869.221395
4074.870837,1000,7875.963306
3672.638999,1000,7878.266401
3834.410784,1000,7885.066967
3965.4868,1000,7887.349206
3647.287519,1000,7894.120349
3612.949763,1000,7896.490869
4176.287032,1000,7903.299102
3098.538719,1000,7905.576163
3939.47362,1000,7912.380691
3740.375834,1000,7914.830106
3935.926383,1000,7921.727313
3720.704959,1000,7923.990404
3678.642695,1000,7930.80401
4454.933238,1000,7933.051577
3935.737926,1000,7939.90863
3824.777546,1000,7942.37211
3567.979786,1000,7949.31183
3783.445104,1000,7951.621975
3784.011951,1000,7958.434911
4212.700646,1000,7960.704826
3619.456597,1000,7967.529323
3835.601614,1000,7969.898171
3973.865613,1000,7976.623612
3898.992002,1000,7978.794089
3787.941278,1000,7985.64812
3916.86368,1000,7988.063995
4071.833972,1000,7994.855556
4023.582613,1000,7997.210454
3904.50643,1000,8004.10773
3923.170131,1000,8006.364282
4471.382599,1000,8013.355292
3959.164715,1000,8015.748212
3623.060685,1000,8022.629888
3932.035536,1000,8024.929461
3309.309673,1000,8031.751946
3577.428942,1000,8034.128851
4120.40316,1000,8040.935611
3681.635513,1000,8043.101094
3810.238264,1000,8049.974838
3588.050838,1000,8052.313864
4472.771457,1000,8059.248273
3696.437743,1000,8061.653573
3673.759213,1000,8068.640933
3539.343315,1000,8071.129488
3645.845093,1000,8077.991122
3828.247439,1000,8080.426678
4208.568593,1000,8087.336642
4024.994911,1000,8089.660949
4086.205368,1000,8096.539531
4065.652649,1000,8099.01125
3669.057373,1000,8106.021693
3224.573657,1000,8108.257459
3356.251778,1000,8115.205708
3558.437405,1000,8117.476421
3477.617051,1000,8124.283631
3819.001925,1000,8126.635081
4076.897551,1000,8133.61068
3396.37454,1000,8135.888019
3036.102642,1000,8142.812313
3843.812729,1000,8145.154382
3120.044573,1000,8152.093647
4293.801861,1000,8154.4193
3586.869272,1000,8161.427945
3408.442908,1000,8163.652496
4336.646012,1000,8170.555455
3976.579686,1000,8173.000166
4065.804941,1000,8179.986826
3217.805508,1000,8182.375405
3741.796531,1000,8189.415226
3372.260928,1000,8191.739574
3587.056881,1000,8198.619598
4215.004256,1000,8200.891221
4122.805667,1000,8208.005516
4121.014714,1000,8210.378734
3631.244953,1000,8217.406306
3784.426028,1000,8219.823146
4029.000971,1000,8226.749247
3755.860825,1000,8229.089697
4127.428441,1000,8236.198665
3490.251346,1000,8238.5312
3739.437049,1000,8245.534465
3817.255271,1000,8247.817241
3655.581485,1000,8254.723468
4011.336864,1000,8257.169548
4029.509326,1000,8264.186823
3857.48842,1000,8266.521582
3322.873549,1000,8273.634565
3912.100214,1000,8276.010064
3892.77581,1000,8282.965215
4068.889768,1000,8285.302269
3408.282763,1000,8292.430886
4003.504918,1000,8294.588756
3825.216882,1000,8301.631293
3887.413095,1000,8304.115184
4108.494362,1000,8311.125023
3550.91269,1000,8313.422283
3727.33481,1000,8320.361083
4107.618519,1000,8322.763647
3661.325288,1000,8329.760988
3780.026634,1000,8332.205082
4133.524771,1000,8339.182419
4202.577376,1000,8341.580599
4196.166047,1000,8348.724291
3951.387126,1000,8350.937397
4222.081446,1000,8358.132966
4118.792477,1000,8360.474115
3980.519773,1000,8367.605491
4290.489986,1000,8369.811523
4083.761706,1000,8376.768411
4259.333743,1000,8379.040383
4278.704181,1000,8386.026869
3633.202253,1000,8388.251236
3768.602247,1000,8395.397475
3812.986794,1000,8397.692028
3924.521428,1000,8404.726694
3878.812868,1000,8407.135644
4116.137895,1000,8414.207607
4102.877298,1000,8416.54123
4483.791028,1000,8423.635701
4340.324779,1000,8426.02111
4081.589514,1000,8433.081162
3856.911109,1000,8435.47013
4319.615889,1000,8442.566939
4163.799741,1000,8444.720057
4397.899475,1000,8451.721007
4536.660919,1000,8454.030885
3933.334321,1000,8461.257623
4349.449086,1000,8463.669865
4280.807043,1000,8470.446881
4454.396175,1000,8472.509081
4406.248644,1000,8479.437091
4239.395683,1000,8481.604967
4301.767992,1000,8488.593429
4199.435734,1000,8490.99151
4416.164244,1000,8498.010142
4228.023803,1000,8500.245991
4178.670719,1000,8507.374214
4542.14195,1000,8509.640729
4570.195647,1000,8516.723155
4182.086742,1000,8519.042977
4474.195835,1000,8526.17623
4214.879628,1000,8528.463058
4592.625491,1000,8535.663448
4155.575218,1000,8537.929777
4567.366821,1000,8545.049577
4235.899076,1000,8547.448195
4408.858414,1000,8554.610297
4355.403611,1000,8557.047621
4250.647454,1000,8564.097686
4427.580256,1000,8566.462223
4311.962523,1000,8573.354403
4175.130024,1000,8575.63865
3894.103733,1000,8582.771413
4542.857459,1000,8585.09485
4238.177989,1000,8592.232194
4173.604424,1000,8594.606972
4316.186652,1000,8601.810214
4281.299808,1000,8604.136658
4176.376078,1000,8611.263778
4297.544,1000,8613.508169
4389.527915,1000,8620.573208
4167.035775,1000,8622.994485
4298.384632,1000,8630.02279
4296.942856,1000,8632.37706
4335.191736,1000,8639.41401
4035.952973,1000,8641.617673
4520.66929,1000,8648.838027
4038.237052,1000,8651.125715
4167.382424,1000,8658.315261
4115.914836,1000,8660.455894
4086.461462,1000,8667.634644
3602.203607,1000,8670.045335
4318.843178,1000,8677.030725
4284.513735,1000,8679.425316
4435.214247,1000,8686.558422
4492.964469,1000,8688.962954
4199.051721,1000,8696.239174
4088.411452,1000,8698.488547
3972.136695,1000,8705.790487
4226.064001,1000,8708.008743
4203.237227,1000,8715.173403
3998.791077,1000,8717.413495
4482.702908,1000,8724.633101
4238.273299,1000,8727.106345
3989.194332,1000,8734.260949
4438.820103,1000,8736.512031
4262.437731,1000,8743.639463
3974.78621,1000,8745.769511
4203.00136,1000,8752.811764
4112.139194,1000,8755.14835
3919.480591,1000,8762.455558
4072.402342,1000,8764.917677
4093.655676,1000,8772.271424
4326.287779,1000,8774.631563
4019.216198,1000,8781.779463
4398.518336,1000,8784.16002
4250.379968,1000,8791.357451
3872.100473,1000,8793.686426
4106.321973,1000,8800.776114
3970.242022,1000,8803.008717
3825.439541,1000,8810.308444
4065.28421,1000,8812.721809
4193.41114,1000,8819.940514
3966.896938,1000,8822.361357
3735.915497,1000,8829.584973
4061.545067,1000,8831.726428
4189.254504,1000,8838.976585
4120.042696,1000,8841.37041
4165.85623,1000,8848.732586
3916.68809,1000,8851.105222
3884.290907,1000,8858.340375
4127.538646,1000,8860.596374
4149.322365,1000,8867.710477
4074.707284,1000,8870.084752
3784.129987,1000,8877.233616
4236.527234,1000,8879.566111
4029.676322,1000,8886.791372
3884.328237,1000,8889.265362
4087.268858,1000,8896.382554
4027.819066,1000,8898.755514
4032.274105,1000,8905.78085
4326.610894,1000,8908.015753
3970.323294,1000,8915.128601
3958.207317,1000,8917.535469
3868.622651,1000,8924.738165
3634.964137,1000,8927.050702
3993.611253,1000,8934.317134
4095.048082,1000,8936.621102
4006.55499,1000,8943.920238
4033.02366,1000,8946.201589
4093.489302,1000,8953.623373
4145.110323,1000,8956.148574
3698.758534,1000,8963.591972
4043.830127,1000,8966.032594
4065.520286,1000,8973.494431
4194.687796,1000,8975.772568
4218.683845,1000,8983.017475
4199.363633,1000,8985.436567
4165.943966,1000,8992.76914
4279.31254,1000,8995.295641
4169.230256,1000,9002.636171
3966.793491,1000,9004.96227
3847.668534,1000,9012.224847
3986.953241,1000,9014.494416
4275.927162,1000,9021.906682
3998.979459,1000,9024.121307
3743.488198,1000,9031.53602
4379.424633,1000,9033.795014
3969.905203,1000,9041.1236
3842.360812,1000,9043.472166
4152.6249,1000,9050.686465
3864.142264,1000,9052.913659
3805.169947,1000,9060.274618
4043.956171,1000,9062.429365
4037.968301,1000,9069.725396
4164.916799,1000,9072.252611
4246.675602,1000,9079.711642
3704.671109,1000,9081.98155
3855.227719,1000,9089.379523
3925.38308,1000,9091.627199
4257.789151,1000,9098.965235
4018.429346,1000,9101.176433
4135.427892,1000,9108.438028
4179.4475,1000,9110.721126
4216.743346,1000,9118.247199
4100.478385,1000,9120.548376
4163.698664,1000,9128.041471
4425.290236,1000,9130.496007
4151.25211,1000,9137.86828
3893.894167,1000,9140.29068
4271.792161,1000,9147.610421
4158.676411,1000,9149.833783
3795.273662,1000,9157.20374
4100.552272,1000,9159.523921
4141.61493,1000,9167.012043
3977.205756,1000,9169.240493
3904.01507,1000,9176.704153
4221.670547,1000,9178.976545
3896.202686,1000,9186.375647
4017.055218,1000,9188.708742
4242.05887,1000,9196.005975
4148.570332,1000,9198.510289
4215.171784,1000,9205.835158
4147.59602,1000,9207.997203
4528.622751,1000,9215.487731
4206.440031,1000,9217.803478
4153.089829,1000,9225.384613
3896.445859,1000,9227.900178
4214.108297,1000,9235.271503
4190.47522,1000,9237.684825
4145.429654,1000,9245.125381
4115.110525,1000,9247.615223
4460.811521,1000,9254.991434
3904.605319,1000,9257.21786
4322.551312,1000,9264.491315
3993.913695,1000,9266.70848
4049.526027,1000,9274.127083
4426.741188,1000,9276.29199
4206.154895,1000,9283.689782
4072.559017,1000,9285.96066
3926.520145,1000,9293.264937
3968.686354,1000,9295.782949
4318.815624,1000,9303.294903
4306.582839,1000,9305.57592
4268.998617,1000,9313.03072
4217.941291,1000,9315.459034
4260.923846,1000,9322.934284
4130.766154,1000,9325.345521
4331.223891,1000,9332.791799
4169.982116,1000,9335.284945
4332.755998,1000,9342.786968
4344.564076,1000,9345.007082
4211.083642,1000,9352.428915
4214.896173,1000,9354.755636
3980.68682,1000,9362.124531
4009.337827,1000,9364.580997
4177.415613,1000,9372.188526
4426.376924,1000,9374.671789
4408.375313,1000,9382.019858
4200.785239,1000,9384.281765
4279.213466,1000,9391.899145
4250.777349,1000,9394.33105
4105.083873,1000,9401.79732
4145.810856,1000,9404.241508
4300.347854,1000,9411.898932
4060.804692,1000,9414.332207
4148.379949,1000,9421.764862
4070.513049,1000,9424.128647
3568.127449,1000,9431.512404
4221.924834,1000,9433.858463
4149.718626,1000,9441.47081
3463.349781,1000,9443.724659
4102.2044,1000,9451.244
4165.592836,1000,9453.527461
4372.109488,1000,9461.042067
4086.390204,1000,9463.506549
4174.189862,1000,9470.997
4471.319836,1000,9473.439286
4169.966349,1000,9480.815834
4114.294869,1000,9483.046127
4310.120971,1000,9490.62123
4134.802051,1000,9492.869194
4010.050895,1000,9500.52556
4379.116192,1000,9502.753743
4037.938873,1000,9510.359201
4251.850554,1000,9512.672869
4099.220945,1000,9520.122169
3971.502787,1000,9522.537451
4073.123378,1000,9530.129177
4183.482473,1000,9532.575994
4403.966278,1000,9540.230716
4067.682569,1000,9542.608605
3600.333503,1000,9550.2925
4297.303024,1000,9552.511047
4249.345889,1000,9560.18834
4090.032896,1000,9562.479259
4010.15311,1000,9570.111231
4207.683649,1000,9572.46744
4081.739121,1000,9580.093216
4097.016935,1000,9582.316101
3750.371468,1000,9590.0311
3961.483034,1000,9592.449028
4062.941888,1000,9600.037009
4252.688545,1000,9602.241405
4193.069506,1000,9609.785671
4086.031992,1000,9611.950585
4088.391687,1000,9619.454031
4350.414299,1000,9621.717149
4105.003711,1000,9629.306577
4041.264615,1000,9631.657458
4321.605907,1000,9639.210092
4168.018462,1000,9641.481679
4066.818789,1000,9649.104091
3872.019222,1000,9651.504198
4041.028367,1000,9659.135702
4117.672946,1000,9661.661243
4032.29722,1000,9669.239974
4001.262471,1000,9671.559936
4244.971669,1000,9679.068367
3940.809793,1000,9681.480201
3976.387284,1000,9689.181656
4085.887878,1000,9691.616101
3828.138616,1000,9699.359632
3679.387941,1000,9701.756575
4259.698811,1000,9709.257477
4126.75513,1000,9711.592971
4037.825796,1000,9719.0783
4043.960014,1000,9721.254466
4123.388279,1000,9729.025293
3963.80178,1000,9731.53791
4122.691756,1000,9739.149213
4183.986178,1000,9741.621056
4369.318938,1000,9749.317765
4307.279577,1000,9751.509169
4084.430631,1000,9759.046573
4271.142085,1000,9761.518399
4033.537283,1000,9769.230216
4180.661501,1000,9771.62111
4352.138138,1000,9779.406271
4251.794151,1000,9781.829763
4175.107864,1000,9789.434548
4019.134915,1000,9791.947336
4035.295894,1000,9799.649163
3755.889153,1000,9802.18849
4198.524309,1000,9809.699047
4159.781789,1000,9812.047347
4363.732752,1000,9819.790461
4058.286957,1000,9822.071134
4202.645839,1000,9829.740825
4206.291822,1000,9832.102344
3832.26326,1000,9839.788076
3924.014587,1000,9842.197201
4103.885446,1000,9849.918345
4185.114541,1000,9852.289326
3659.96574,1000,9859.978625
4363.985347,1000,9862.300102
4349.103424,1000,9869.844841
4244.827381,1000,9872.114213
4276.141957,1000,9879.931278
4320.576013,1000,9882.442899
4328.18884,1000,9890.133684
4235.581018,1000,9892.339904
4366.872109,1000,9900.082469
3934.952893,1000,9902.512742
4237.073494,1000,9910.373338
4188.51257,1000,9912.927171
4156.466326,1000,9920.591003
4263.756198,1000,9922.984122
4258.43208,1000,9930.590154
4208.190252,1000,9932.961268
3996.656571,1000,9940.557663
3991.409967,1000,9942.77064
3888.99659,1000,9950.567512
4168.581525,1000,9952.845536
3904.38159,1000,9960.659264
4105.797671,1000,9962.988036
4123.751376,1000,9970.776899
4149.700584,1000,9972.973744
4361.35798,1000,9980.688555
4161.246111,1000,9983.030106
4164.185712,1000,9990.820086
4020.915132,1000,9993.248715
3832.98831,1000,10000.856779
4102.466067,1000,10003.410578
4279.582781,1000,10011.162651
3958.387262,1000,10013.609659
3879.115209,1000,10021.465641
4104.82863,1000,10023.820985
4072.205436,1000,10031.555211
4385.217754,1000,10033.88409
4151.670973,1000,10041.611573
4162.102831,1000,10044.141086
4392.354551,1000,10052.027439
4326.031439,1000,10054.291504
4261.449285,1000,10062.108184
4006.602739,1000,10064.642386
4126.704859,1000,10072.363262
4135.921993,1000,10074.631202
3930.8956,1000,10082.544938
4247.937614,1000,10085.010031
3974.667481,1000,10092.748786
3570.914736,1000,10095.158639
3978.852521,1000,10102.950864
3946.47955,1000,10105.269689
4126.591772,1000,10113.14211
4190.328223,1000,10115.37963
3838.245589,1000,10123.146634
3945.374071,1000,10125.4367
4038.79461,1000,10133.145833
4102.260861,1000,10135.549681
4073.668378,1000,10143.31804
3955.986373,1000,10145.753199
4012.990789,1000,10153.435859
3645.659925,1000,10155.742532
4236.734856,1000,10163.579962
4161.358847,1000,10166.08041
4377.563412,1000,10173.884127
4161.923846,1000,10176.290112
4301.470856,1000,10184.207457
4149.306991,1000,10186.691611
4317.435659,1000,10194.424645
4089.22214,1000,10196.90544
3939.945032,1000,10204.565227
4224.865062,1000,10207.055124
3961.269319,1000,10214.763108
3938.082252,1000,10217.160392
4217.375086,1000,10224.91309
4150.96693,1000,10227.131424
4108.441297,1000,10235.126008
3902.331225,1000,10237.406503
3672.332039,1000,10245.234753
4023.913529,1000,10247.648521
3953.255483,1000,10255.421745
4004.669216,1000,10257.792114
4229.951501,1000,10265.515503
4050.136251,1000,10268.005216
3831.539781,1000,10276.007948
4302.284254,1000,10278.472196
3895.73438,1000,10286.317214
4053.375101,1000,10288.727484
4160.455292,1000,10296.761635
4177.333398,1000,10299.184458
4037.0501,1000,10307.182402
4251.968667,1000,10309.752536
4159.369796,1000,10317.559741
3964.290785,1000,10319.782637
4199.219142,1000,10327.585492
3664.937206,1000,10329.902679
4117.594319,1000,10337.726213
4061.032881,1000,10339.903838
4148.72064,1000,10347.83026
4304.880195,1000,10350.408298
4080.493152,1000,10358.238177
4118.839619,1000,10360.699261
3938.417886,1000,10368.654039
4128.086876,1000,10371.081126
4086.772115,1000,10378.801139
4018.898734,1000,10381.055328
4183.650831,1000,10388.904911
3587.146017,1000,10391.185008
4127.164009,1000,10399.137286
4004.205662,1000,10401.352131
3880.175705,1000,10409.374052
4068.631051,1000,10411.926939
4005.836845,1000,10419.798304
4171.690974,1000,10422.051263
3972.379242,1000,10429.737496
4183.352013,1000,10432.119092
4154.980472,1000,10439.973347
4071.887208,1000,10442.350013
4274.981564,1000,10450.209067
4013.073613,1000,10452.61948
4167.772356,1000,10460.627987
3935.716014,1000,10462.959315
4050.288897,1000,10470.987583
3886.644321,1000,10473.317396
4146.987866,1000,10481.202422
4154.129089,1000,10483.582765
3844.23997,1000,10491.474115
4170.940764,1000,10493.908216
3486.093546,1000,10501.889011
3790.900602,1000,10504.13332
4098.958138,1000,10512.114937
3742.95596,1000,10514.488105
3819.494698,1000,10522.526646
3930.592936,1000,10525.071952
4143.967635,1000,10532.9283
4268.376839,1000,10535.405766
4101.992238,1000,10543.295187
4320.412586,1000,10545.590373
4035.149251,1000,10553.435477
4004.988737,1000,10555.685141
3961.103976,1000,10563.563132
4172.344775,1000,10565.994172
3891.986678,1000,10573.91999
4013.35112,1000,10576.360474
4181.022663,1000,10584.342502
4029.913206,1000,10586.52524
4023.255193,1000,10594.530562
3683.564077,1000,10597.00039
3910.091615,1000,10605.065585
3743.609576,1000,10607.526915
4074.300447,1000,10615.626173
4140.768493,1000,10617.899449
4274.643674,1000,10625.895611
3999.258557,1000,10628.456481
3801.089667,1000,10636.293391
4172.3428,1000,10638.704563
4315.816589,1000,10646.548294
4277.20596,1000,10648.913374
3907.731326,1000,10656.987546
4032.037178,1000,10659.35994
4247.312763,1000,10667.333131
4234.429575,1000,10669.794479
3984.030405,1000,10677.76118
4168.781534,1000,10680.207338
4245.964281,1000,10688.011358
3780.049085,1000,10690.435807
4264.649897,1000,10698.400913
4389.146576,1000,10700.695397
4247.616958,1000,10708.713572
3670.578064,1000,10711.168133
4228.902698,1000,10719.199392
4228.871106,1000,10721.756466
3927.46782,1000,10729.952666
4114.346026,1000,10732.1902
4008.15759,1000,10740.247434
4422.876506,1000,10742.575566
4292.857083,1000,10750.745857
4223.077654,1000,10753.045542
4083.114419,1000,10760.9819
4054.132075,1000,10763.457527
4031.101529,1000,10771.360194
4071.0537,1000,10773.739424
4171.162262,1000,10781.814619
4070.874536,1000,10784.188633
3837.306617,1000,10792.025202
4100.817336,1000,10794.476209
4092.30809,1000,10802.686225
3995.796099,1000,10805.001451
3737.520949,1000,10812.914447
4144.706669,1000,10815.086774
3952.282661,1000,10822.940355
3953.73489,1000,10825.326048
4210.42614,1000,10833.446473
3959.031274,1000,10835.7598
4163.126909,1000,10843.795695
4329.145246,1000,10846.226322
4077.690709,1000,10854.246151
4182.938419,1000,10856.677919
3850.782743,1000,10864.757801
4057.292157,1000,10867.213771
4007.083771,1000,10875.389721
4311.767767,1000,10877.816958
4331.352314,1000,10885.725226
4096.211603,1000,10888.255376
4129.421302,1000,10896.453904
3873.348476,1000,10898.81912
3403.884831,1000,10906.908901
3895.62279,1000,10909.445563
3874.332728,1000,10917.312229
3659.957091,1000,10919.707698
3999.752259,1000,10927.940284
4010.021516,1000,10930.393769
4219.704561,1000,10938.576969
4272.083069,1000,10940.938802
4216.566329,1000,10948.900541
4131.756597,1000,10951.08579
3890.409667,1000,10959.110142
3752.534229,1000,10961.545547
4182.589222,1000,10969.506723
4133.317015,1000,10971.893171
4145.459265,1000,10980.087357
4276.100187,1000,10982.518173
3903.120008,1000,10990.543614
4000.015338,1000,10992.798267
3984.486925,1000,11000.779491
3771.820785,1000,11002.975971
4136.955106,1000,11011.063046
3839.859829,1000,11013.513959
4206.599504,1000,11021.553523
4176.109434,1000,11023.985783
4227.522877,1000,11032.105069
4297.664387,1000,11034.444757
4143.860357,1000,11042.634724
4235.921009,1000,11044.864858
4178.950703,1000,11053.141217
3919.593187,1000,11055.702303
3768.455948,1000,11063.840835
3786.306653,1000,11066.234243
3768.913199,1000,11074.275076
3894.831191,1000,11076.789096
4082.459828,1000,11084.784474
4198.343994,1000,11087.080608
4041.104183,1000,11095.096078
4238.821951,1000,11097.49067
3794.77226,1000,11105.736449
4170.777724,1000,11108.003422
4184.616162,1000,11116.313712
4055.821741,1000,11118.778039
4214.943851,1000,11127.087166
4135.158838,1000,11129.639202
4246.080594,1000,11137.823183
3909.361532,1000,11140.1598
3920.786072,1000,11148.252907
3906.559707,1000,11150.629966
3977.148036,1000,11158.729079
4112.866687,1000,11161.116197
4460.439784,1000,11169.213793
4107.160639,1000,11171.568499
4400.783275,1000,11179.669156
4268.122959,1000,11182.028177
4169.203283,1000,11190.058383
4148.61435,1000,11192.593391
4071.56459,1000,11200.875697
4317.440406,1000,11203.415267
4223.472472,1000,11211.735966
4162.931693,1000,11214.008078
4172.622262,1000,11222.333748
4307.732687,1000,11224.862714
4079.786346,1000,11233.146917
4107.801746,1000,11235.414216
4316.869937,1000,11243.665087
4013.620153,1000,11246.022064
4178.725253,1000,11254.101604
4255.584532,1000,11256.625618
4210.036772,1000,11264.910751
4343.789457,1000,11267.229441
4216.012933,1000,11275.219745
4298.881969,1000,11277.669498
4348.249788,1000,11285.824474
4316.899506,1000,11288.185913
4256.143489,1000,11296.432327
4220.757508,1000,11298.991455
4261.37213,1000,11307.037351
4049.165555,1000,11309.364195
4171.143161,1000,11317.813622
4140.130586,1000,11320.379523
3918.795363,1000,11328.749897
4216.140265,1000,11331.321614
4033.476493,1000,11339.474447
4214.133798,1000,11341.857491
3860.506595,1000,11350.245674
3991.968338,1000,11352.564821
3903.708835,1000,11360.745384
4435.137489,1000,11363.025521
4340.341814,1000,11371.063666
4532.770943,1000,11373.446077
4131.519636,1000,11381.851475
4042.217226,1000,11384.394217
4154.85648,1000,11392.665182
4243.214288,1000,11395.154661
4339.186681,1000,11403.309891
4234.78042,1000,11405.826287
4241.151771,1000,11414.114664
3900.583027,1000,11416.28712
3916.990918,1000,11424.481116
4157.874787,1000,11426.737113
4253.540285,1000,11435.130296
4296.361947,1000,11437.560785
3964.644981,1000,11445.749464
4224.591013,1000,11447.921436
4134.544118,1000,11456.075427
3999.173384,1000,11458.54843
3971.918588,1000,11466.860105
4218.157782,1000,11469.370893
4234.77656,1000,11477.736094
4226.484267,1000,11480.183271
4100.347286,1000,11488.37313
4011.939992,1000,11490.787749
4199.633424,1000,11499.153755
3888.693585,1000,11501.578683
